,time,online_reason,algebra,geometry,russian,literature,history,foreign,physics,chemystry,geography,social,biology,informatics,other,gum,it,econ,ped,med,est,ing,alg_base,geom_base,rus_base,lit_base,phy_base,chem_base,bio_base,geo_base,for_base,it_base,soc_base,his_base,no_base,alg_adv,geom_adv,rus_adv,lit_adv,phy_adv,chem_adv,bio_adv,geo_adv,for_adv,it_adv,soc_adv,his_adv,no_adv,math_town,rus_town,lit_town,phy_town,chem_town,bio_town,geo_town,for_town,it_town,soc_town,his_town,no_town,math_region,rus_region,lit_region,phy_region,chem_region,bio_region,geo_region,for_region,it_region,soc_region,his_region,no_region,math_state,rus_state,lit_state,phy_state,chem_state,bio_state,geo_state,for_state,it_state,soc_state,his_state,no_state,math_other,rus_other,lit_other,phy_other,chem_other,bio_other,geo_other,for_other,it_other,soc_other,his_other,no_other,vol_other,sport_other,events_other
0,28.03.2018 0:16:56,Недостаточное качество или объем образовательной программы,4.2,4.6,4.0,4.7,4.7,4.9,4.9,4.7,4.7,4.7,4.8,4.7,Нигде,0,1,0,0,0,0,0,0,0,0,0,1,1,1,0,0,0,0,0,0,1,0,0,0,0,0,0,0,1,1,0,0,0,1,1,0,0,0,0,0,1,1,1,0,0,1,0,0,0,0,0,0,0,1,1,0,0,0,0,0,0,0,0,0,0,0,0,0,1,1,0,0,0,0,0,0,0,0,1,0,0,0,0,0
1,28.03.2018 0:27:16,Не люблю рано вставать,3.7,3.2,4.7,4.8,4.5,4.9,3.3,3.8,4.0,4.0,4.5,5.0,"Волонтерском движении, Общественных мероприятиях",0,1,0,0,0,0,0,0,0,0,0,1,0,0,0,0,0,0,1,0,0,0,0,0,0,0,0,0,1,1,0,0,0,0,0,0,0,0,0,0,0,0,0,0,0,0,0,0,0,0,0,0,0,0,0,0,0,0,0,0,0,0,0,0,0,0,0,0,0,0,0,0,0,0,0,0,0,1,0,0,0,1,0,1
2,28.03.2018 0:28:26,Хотел бы получить больше свободного времени,4.8,4.7,4.6,4.3,3.6,4.7,4.7,4.9,4.1,4.3,4.7,4.2,"Спортивных мероприятиях, Общественных мероприятиях",0,0,0,0,0,0,1,0,0,0,1,0,0,1,1,1,1,1,1,0,1,1,0,0,1,1,0,0,1,0,0,0,0,0,0,0,1,0,0,0,0,0,0,0,0,1,0,0,1,0,0,0,1,0,0,0,0,0,0,0,0,0,0,0,0,0,0,0,1,0,0,0,0,0,0,0,0,0,0,0,1,0,1,1
3,28.03.2018 0:29:54,Не люблю рано вставать,4.8,4.9,4.9,5.0,4.8,4.9,4.7,5.0,4.9,4.8,4.9,5.0,"Спортивных мероприятиях, Общественных мероприятиях",0,1,0,0,0,0,0,0,0,0,0,0,0,1,1,0,0,1,1,0,0,0,0,0,0,0,0,0,1,1,0,0,0,1,1,0,1,1,0,0,1,1,0,0,0,1,0,0,0,0,0,0,1,0,0,0,0,0,0,0,0,0,0,0,0,0,0,0,1,1,0,0,0,0,0,0,0,0,0,0,0,0,1,1
4,28.03.2018 0:30:29,Никогда не стал бы учиться онлайн,4.2,4.1,4.7,4.7,4.7,4.9,4.3,3.4,4.1,4.3,4.4,4.7,"Волонтерском движении, Спортивных мероприятиях, Общественных мероприятиях",1,0,0,0,0,0,0,0,0,0,0,0,0,0,0,0,0,0,0,1,0,0,0,0,0,0,0,0,0,0,0,0,1,0,0,0,0,0,0,0,1,0,0,0,0,0,0,0,0,0,0,0,1,0,0,0,0,0,0,0,0,0,0,0,0,0,0,0,1,0,0,0,0,0,0,0,0,0,0,0,1,1,1,1
5,28.03.2018 0:33:11,Хотел бы получить больше свободного времени,3.6,3.6,4.8,4.9,3.3,4.2,3.3,4.1,3.6,4.3,4.1,4.6,Общественных мероприятиях,0,0,0,1,0,0,0,0,0,0,0,1,1,0,1,0,0,0,0,0,0,0,0,0,0,0,0,0,0,0,0,0,1,0,0,0,0,0,0,0,0,0,0,0,1,0,0,0,0,0,0,0,0,0,0,0,1,0,0,0,0,0,0,0,0,0,0,0,1,0,0,0,0,0,0,0,0,0,0,0,1,0,0,1
6,28.03.2018 0:35:30,Никогда не стал бы учиться онлайн,4.4,4.8,4.3,4.8,4.8,4.5,4.2,4.7,4.8,4.8,4.8,4.8,Общественных мероприятиях,0,0,0,0,0,0,1,0,0,0,0,0,0,0,0,0,0,0,0,1,0,0,0,0,0,0,0,0,0,0,0,0,1,0,0,0,0,0,0,0,0,0,0,0,1,0,0,0,0,0,0,0,0,0,0,0,1,1,1,1,0,0,0,0,0,0,0,0,0,0,0,0,0,0,0,0,0,0,0,0,1,0,0,1
7,28.03.2018 0:36:45,Хотел бы получить больше свободного времени,3.7,4.8,4.7,4.8,4.1,3.6,3.1,3.4,3.2,4.0,3.7,4.8,"Волонтерском движении, Общественных мероприятиях",1,1,0,0,0,0,0,0,0,1,0,0,0,0,1,1,1,1,0,0,0,1,1,1,0,0,0,0,1,1,1,0,0,0,1,1,0,0,0,0,1,1,1,1,0,0,0,1,0,0,0,0,0,0,1,0,0,0,0,0,0,0,0,0,0,0,0,0,1,0,0,0,0,0,0,0,0,0,0,0,1,1,0,1
8,28.03.2018 0:36:57,Недостаточный профессионализм учителей,3.5,3.4,4.5,4.9,4.6,5.0,4.0,5.0,4.7,4.1,4.8,3.9,Нигде,0,0,0,0,0,1,1,0,0,0,0,1,0,0,1,0,0,1,1,0,1,0,0,0,0,1,1,0,1,0,0,0,0,0,0,0,0,0,0,0,0,0,0,0,1,0,0,0,0,0,0,0,0,0,0,0,1,0,0,0,0,0,0,0,0,0,0,0,1,0,0,0,0,0,0,0,0,0,0,0,1,0,0,0
9,28.03.2018 0:37:54,Не люблю рано вставать,4.1,3.7,4.5,4.1,4.8,5.0,3.5,2.4,4.0,4.4,3.3,4.2,Спортивных мероприятиях,1,0,0,0,0,0,0,1,0,0,0,1,1,0,0,0,0,0,0,0,0,0,1,1,0,0,0,0,1,0,0,0,0,0,0,0,0,0,0,0,0,0,0,0,1,0,0,0,0,0,0,0,0,0,0,0,1,0,0,0,0,0,0,0,0,0,0,0,1,0,0,0,0,0,0,0,0,0,0,0,1,0,1,0
10,28.03.2018 0:38:16,Никогда не стал бы учиться онлайн,4.6,4.1,5.0,4.8,3.6,4.9,4.0,3.7,4.6,4.9,4.5,4.7,"Спортивных мероприятиях, Общественных мероприятиях",1,0,0,0,0,0,0,0,0,0,0,0,0,0,0,0,0,0,0,1,0,0,0,0,0,0,0,0,0,0,0,0,1,1,1,0,0,0,0,0,1,0,1,0,0,0,0,0,0,0,0,0,1,0,1,0,0,0,0,0,0,0,0,0,1,0,0,0,0,0,0,0,0,0,0,0,0,0,0,0,1,0,1,1
11,28.03.2018 0:38:45,Недостаточный профессионализм учителей,4.7,4.7,4.1,4.8,4.1,4.0,4.1,4.0,4.8,4.0,4.4,4.7,Нигде,0,1,0,0,0,0,0,0,0,0,1,1,1,0,1,0,0,1,1,0,0,0,0,0,0,0,0,0,1,1,0,0,0,1,1,0,0,0,0,1,0,0,0,0,0,0,0,0,0,0,0,0,0,0,0,0,1,0,0,0,0,0,0,0,0,0,0,0,1,0,0,0,0,0,0,0,0,0,0,0,1,0,0,0
12,28.03.2018 0:38:58,Недостаточное качество или объем образовательной программы,3.4,3.8,3.9,4.4,3.5,3.3,3.9,3.4,4.3,4.7,4.3,4.8,Спортивных мероприятиях,0,0,0,1,0,0,0,0,0,0,1,0,0,1,0,1,0,0,0,0,0,0,0,1,0,0,1,0,1,0,0,0,0,0,0,0,0,0,0,0,0,0,0,0,1,0,0,0,0,0,0,0,0,0,0,0,1,0,0,0,0,0,0,0,0,0,0,0,1,0,0,0,0,0,0,0,0,0,0,0,1,0,1,0
13,28.03.2018 0:39:33,Не люблю рано вставать,4.1,3.2,4.8,4.9,4.8,4.6,3.0,3.1,4.1,4.6,4.3,4.7,"Волонтерском движении, Общественных мероприятиях",1,0,0,0,0,0,0,0,0,0,0,0,0,1,1,0,0,0,0,0,0,0,0,1,0,0,0,0,1,0,1,0,0,0,1,1,0,0,0,0,0,0,0,0,0,0,0,0,0,0,0,0,0,0,0,0,1,0,0,0,0,0,0,0,0,0,0,0,1,0,1,1,0,0,0,0,0,0,0,0,0,1,0,1
14,28.03.2018 0:39:55,Недостаточный профессионализм учителей,4.0,4.1,4.9,5.0,4.7,4.7,3.4,3.6,4.1,4.3,4.8,4.1,Нигде,1,1,0,0,0,0,0,0,0,0,0,1,1,0,0,0,1,0,0,0,0,0,0,0,0,0,0,0,0,0,0,0,1,0,1,1,0,0,0,0,1,0,0,0,0,0,0,0,0,0,0,0,1,0,0,0,0,0,0,0,0,0,0,0,0,0,0,0,1,0,0,0,0,0,0,0,0,0,0,0,1,0,0,0
15,28.03.2018 0:42:17,Хотел бы получить больше свободного времени,4.1,4.3,4.6,4.7,4.3,4.6,3.8,4.1,3.8,3.3,3.2,3.8,"Волонтерском движении, Спортивных мероприятиях, Общественных мероприятиях",1,0,0,0,0,0,0,0,0,0,0,1,1,1,0,0,0,0,0,0,0,0,0,0,0,0,0,1,0,0,1,1,0,0,1,1,0,0,0,0,1,0,0,0,0,0,0,1,0,0,0,0,1,0,0,0,0,0,0,0,0,0,0,0,0,0,0,0,1,0,1,1,0,0,0,0,1,0,0,0,0,1,1,1
16,28.03.2018 0:42:32,Хотел бы получить больше свободного времени,4.2,4.6,4.9,5.0,4.2,4.8,4.3,4.1,4.9,4.7,4.8,4.9,"Спортивных мероприятиях, Общественных мероприятиях",0,0,1,0,0,0,0,0,0,0,0,0,0,0,0,0,0,0,0,1,0,0,0,0,0,0,0,1,1,1,0,0,0,0,1,0,0,0,0,0,1,0,1,0,0,0,0,0,0,0,0,0,0,0,0,0,0,0,0,0,0,0,0,0,0,0,0,0,1,0,0,0,0,0,0,0,0,0,1,0,0,0,1,1
17,28.03.2018 0:42:47,Недостаточное качество или объем образовательной программы,4.3,3.4,5.0,4.7,4.7,5.0,4.7,4.0,3.5,4.2,4.6,4.3,Нигде,1,0,0,0,0,0,0,0,1,0,0,0,1,1,0,0,1,0,0,0,0,0,0,1,0,0,0,0,1,0,0,0,0,1,1,1,0,0,0,0,1,0,0,0,0,0,1,0,0,0,0,0,1,0,0,0,0,0,0,0,0,0,0,0,0,0,0,0,1,0,1,1,1,1,0,0,0,0,0,0,0,0,0,0
18,28.03.2018 0:43:12,Недостаточное качество или объем образовательной программы,4.4,4.4,5.0,4.6,4.8,5.0,4.4,4.1,4.2,4.5,4.6,4.4,Нигде,0,0,1,0,0,0,0,1,1,1,0,0,0,0,0,1,1,0,0,0,1,1,1,0,0,0,0,0,1,1,0,0,0,0,0,0,0,0,0,0,0,0,0,0,1,0,0,0,0,0,0,0,0,0,0,0,1,0,0,0,0,0,0,0,0,0,0,0,1,0,0,0,0,0,0,0,0,0,0,0,1,0,0,0
19,28.03.2018 0:44:02,Не люблю рано вставать,4.6,4.5,4.8,4.9,4.2,5.0,4.5,4.2,4.3,4.8,4.6,4.3,"Спортивных мероприятиях, Общественных мероприятиях",0,0,1,0,0,0,0,0,0,0,0,0,0,0,0,0,1,0,0,0,0,0,0,1,0,1,1,1,1,0,1,1,0,1,1,1,0,0,0,0,1,0,1,0,0,0,1,0,0,0,0,0,1,0,0,0,0,0,0,0,0,0,0,0,0,0,0,0,1,0,0,0,0,0,0,0,0,0,0,0,1,0,1,1
20,28.03.2018 0:44:05,Никогда не стал бы учиться онлайн,4.0,4.4,3.9,4.7,4.7,4.8,3.3,3.9,4.7,3.2,3.3,3.2,сделал исследовательскую работу на тему исторической персоны и участвовал в различных конкурсах регионального и всероссийского масштаба  ,0,0,0,0,0,1,0,0,0,0,0,0,0,0,0,0,0,0,0,1,0,0,0,0,0,0,0,0,0,0,0,0,1,0,0,0,0,0,0,0,0,0,0,0,1,0,0,0,0,0,0,0,0,0,0,0,1,0,0,0,0,0,0,0,0,0,0,0,1,0,0,0,0,0,0,0,0,0,0,0,1,0,0,0
21,28.03.2018 0:44:17,Хотел бы получить больше свободного времени,3.5,3.7,5.0,4.9,4.4,5.0,4.3,3.8,4.9,4.0,4.7,4.8,"Волонтерском движении, Общественных мероприятиях",0,0,1,0,0,0,0,0,0,1,1,0,0,0,1,1,0,0,0,0,0,0,1,1,0,0,0,1,1,0,0,0,0,0,0,0,0,0,0,0,1,0,0,0,0,0,0,0,0,0,0,0,1,0,0,0,0,0,0,0,0,0,0,0,0,0,0,0,1,0,0,0,0,0,0,0,0,0,0,0,1,1,0,1
22,28.03.2018 0:45:52,Хотел бы получить больше свободного времени,4.9,4.7,4.9,4.7,4.9,4.7,4.8,4.9,5.0,5.0,4.8,4.9,Спортивных мероприятиях,0,0,1,0,0,0,0,0,0,0,0,0,1,0,1,0,0,0,0,0,0,0,0,0,0,0,0,0,0,0,1,0,0,0,0,0,0,0,0,0,1,0,0,0,0,0,0,0,0,0,0,0,1,0,0,0,0,0,0,0,0,0,0,0,1,0,0,0,0,1,1,0,0,0,0,0,1,0,0,0,0,0,1,0
23,28.03.2018 0:46:17,Хотел бы получить больше свободного времени,4.8,4.7,4.3,5.0,4.3,4.8,3.5,4.1,4.3,4.9,3.8,5.0,Нигде,0,0,1,0,0,0,0,0,0,0,0,1,1,1,1,0,0,0,0,0,0,0,0,0,0,0,0,0,1,1,0,0,0,1,0,0,0,0,0,0,0,0,0,0,0,1,0,0,0,0,0,0,0,0,0,0,0,0,0,0,0,0,0,0,0,0,0,0,1,0,0,0,0,0,0,0,0,0,0,0,1,0,0,0
24,28.03.2018 0:47:07,Недостаточное качество или объем образовательной программы,4.5,4.2,5.0,4.7,4.8,4.9,4.2,4.0,4.8,4.9,4.8,4.3,Спортивных мероприятиях,0,0,1,0,0,0,0,0,0,0,0,0,0,0,0,0,1,0,0,0,0,0,0,0,0,0,0,0,1,1,0,0,0,0,0,0,0,0,0,0,0,0,0,0,0,0,0,0,0,0,0,0,1,0,0,0,0,0,0,0,0,0,0,0,0,0,0,0,1,0,1,0,0,0,0,0,0,0,0,0,0,0,1,0
25,28.03.2018 0:47:35,Хотел бы получить больше свободного времени,4.3,4.5,4.6,4.2,4.0,4.2,4.4,4.5,4.4,4.0,4.0,4.6,Нигде,0,0,1,0,0,0,0,1,0,0,1,0,0,0,1,0,0,1,0,0,1,0,0,0,0,0,0,0,1,1,0,1,0,0,0,0,0,0,0,0,0,0,0,0,1,0,0,0,0,0,0,0,0,0,0,0,1,0,0,0,0,0,0,0,0,0,0,0,1,0,0,0,0,0,0,0,0,0,0,0,1,0,0,0
26,28.03.2018 0:48:58,Недостаточное качество или объем образовательной программы,4.8,4.3,4.9,4.7,4.8,4.8,5.0,4.4,4.9,4.8,4.8,4.8,Общественных мероприятиях,0,0,1,0,0,0,0,0,0,0,0,0,0,0,0,0,0,0,0,1,0,0,1,1,0,0,0,0,1,0,1,0,0,0,1,0,0,0,0,0,1,0,1,0,0,0,0,0,0,0,0,0,0,0,0,0,1,0,0,0,0,0,0,0,0,0,0,0,1,0,0,0,0,0,0,0,0,0,0,0,1,0,0,1
27,28.03.2018 0:49:01,Никогда не стал бы учиться онлайн,4.9,4.9,5.0,4.9,4.9,4.9,5.0,4.8,5.0,4.8,4.9,4.9,Общественных мероприятиях,0,0,0,0,1,0,0,0,0,0,0,1,0,0,1,0,1,0,0,0,1,1,0,0,0,0,0,0,1,0,1,0,0,0,1,1,0,0,0,0,1,0,0,0,0,0,0,0,0,0,0,0,1,0,0,0,0,0,0,0,0,0,0,0,0,0,0,0,1,0,0,0,0,0,0,0,0,0,0,0,1,0,0,1
28,28.03.2018 0:49:20,Не люблю рано вставать,4.6,4.1,5.0,4.2,4.7,4.8,4.1,4.7,4.7,4.8,4.8,4.7,Общественных мероприятиях,0,0,0,0,1,0,0,0,0,0,0,0,0,0,0,0,1,0,0,0,0,0,1,1,0,0,0,0,1,0,0,1,0,0,0,0,0,0,0,0,0,0,1,0,0,0,0,0,0,0,0,0,0,0,1,0,0,0,0,0,0,0,0,0,0,0,0,0,1,0,0,0,0,0,0,0,0,0,0,0,1,0,0,1
29,28.03.2018 0:50:03,Никогда не стал бы учиться онлайн,4.1,4.5,4.8,4.0,4.5,4.8,3.2,4.4,3.2,5.0,3.3,3.8,Общественных мероприятиях,0,0,1,0,0,0,0,0,0,0,0,0,0,0,0,0,0,0,0,1,0,0,0,0,0,0,0,0,0,0,0,0,1,0,0,0,0,0,0,0,0,0,1,0,0,0,0,0,0,0,0,0,0,0,0,0,1,0,0,0,0,0,0,0,0,0,0,0,1,1,1,0,0,0,0,0,0,0,1,0,0,0,0,1
30,28.03.2018 0:50:04,Недостаточный профессионализм учителей,4.7,4.8,4.7,4.9,4.3,3.7,4.0,3.4,3.3,3.8,3.5,4.1,"Волонтерском движении, Спортивных мероприятиях, Общественных мероприятиях",1,0,0,0,0,0,0,0,0,0,0,0,0,1,1,0,0,0,0,0,0,0,0,0,1,1,0,0,1,0,0,0,0,1,1,0,1,0,0,0,0,0,0,0,0,1,1,0,1,0,0,0,0,0,0,0,0,0,0,0,0,0,0,0,0,0,0,0,1,0,0,0,0,0,0,0,0,0,0,0,1,1,1,1
31,28.03.2018 0:50:24,Недостаточное качество или объем образовательной программы,4.8,4.8,4.7,4.7,4.9,5.0,4.1,4.2,4.7,4.9,4.8,4.8,"Волонтерском движении, Спортивных мероприятиях, Общественных мероприятиях",0,1,0,0,0,0,0,0,0,0,0,0,0,0,0,0,0,0,0,1,0,0,0,0,0,0,0,0,0,1,0,0,0,1,1,0,0,0,0,0,1,0,1,0,0,0,0,0,0,0,0,0,1,0,0,0,0,0,0,0,0,0,0,0,0,0,0,0,1,1,0,0,0,0,0,0,1,0,0,0,0,1,1,1
32,28.03.2018 0:50:52,Недостаточный профессионализм учителей,4.8,4.7,4.1,4.0,3.9,4.2,4.6,3.8,3.4,4.3,4.8,4.8,"Волонтерском движении, Общественных мероприятиях",0,1,1,0,0,0,0,0,0,0,0,1,0,0,0,0,1,0,0,0,1,1,0,0,0,0,0,0,1,1,0,0,0,0,0,0,0,0,0,0,0,0,0,0,1,0,0,0,0,0,0,0,0,0,0,0,1,0,0,0,0,0,0,0,0,0,0,0,1,0,0,0,0,0,0,0,0,0,0,0,1,1,0,1
33,28.03.2018 0:51:10,Хотел бы получить больше свободного времени,4.7,4.2,4.7,5.0,4.8,5.0,4.0,3.5,4.8,4.7,4.2,5.0,Общественных мероприятиях,0,0,1,0,0,0,0,0,0,0,0,0,0,1,1,0,0,0,1,0,0,0,0,0,0,0,0,0,0,1,0,0,0,1,1,0,0,0,0,0,0,0,1,0,0,0,1,0,0,0,0,0,0,0,0,0,0,0,0,0,0,0,0,0,0,0,0,0,1,0,0,0,0,0,0,0,0,0,0,0,1,0,0,1
34,28.03.2018 0:52:15,Чтобы получить больший балл на ЕГЭ,3.4,4.1,5.0,4.8,4.9,4.4,4.4,4.5,4.7,4.7,4.9,3.2,Общественных мероприятиях,0,0,0,1,0,0,0,0,0,0,0,0,0,0,0,0,0,1,0,0,0,0,0,0,0,0,0,0,0,0,1,1,0,0,1,1,0,0,0,1,0,0,1,1,0,0,1,1,0,0,0,0,0,0,0,1,0,0,0,0,0,0,0,0,0,0,0,0,1,0,0,0,0,0,0,0,0,0,0,0,1,0,0,1
35,28.03.2018 0:52:30,Недостаточный профессионализм учителей,2.4,3.9,4.5,4.8,4.3,4.9,3.2,4.0,4.9,4.1,4.0,4.8,Нигде,1,0,0,0,0,0,0,0,0,1,0,0,0,0,0,0,0,0,0,0,1,0,1,1,0,0,0,0,1,0,1,0,0,0,0,0,0,0,0,0,0,0,0,0,1,0,0,0,0,0,0,0,0,0,0,0,1,0,0,0,0,0,0,0,0,0,0,0,1,0,0,0,0,0,0,0,0,0,0,0,1,0,0,0
36,28.03.2018 0:57:58,Хотел бы получить больше свободного времени,4.0,4.8,5.0,4.8,4.7,4.7,3.5,3.2,5.0,4.9,4.9,4.7,Волонтерском движении,0,0,0,0,1,1,0,0,0,0,1,0,0,0,0,1,1,1,0,0,0,0,0,0,0,0,1,0,0,0,0,0,0,0,0,0,0,1,1,0,0,0,0,0,0,0,0,0,0,1,1,0,0,0,0,0,0,0,0,0,0,0,0,0,0,0,0,0,1,0,0,0,0,1,1,0,0,0,0,0,0,1,0,0
37,28.03.2018 0:58:15,Недостаточное качество или объем образовательной программы,4.1,4.8,4.7,4.7,4.0,4.9,4.7,4.1,4.1,5.0,4.0,4.8,"Волонтерском движении, Общественных мероприятиях",1,1,0,0,0,0,1,0,0,1,0,0,0,0,0,1,1,1,1,0,1,0,0,1,0,0,0,0,1,1,0,0,0,1,1,1,0,0,0,0,0,0,1,0,0,0,1,1,0,0,0,0,0,0,1,0,0,0,0,0,0,0,0,0,0,0,0,0,1,1,0,0,0,0,0,0,0,0,0,0,0,1,0,1
38,28.03.2018 1:00:24,Недостаточный профессионализм учителей,4.2,3.3,4.9,4.7,4.5,4.3,3.3,4.5,4.1,4.1,4.8,4.7,Общественных мероприятиях,0,0,0,1,0,0,0,0,0,0,0,0,0,0,1,0,1,0,0,0,0,1,0,0,0,0,0,0,0,0,1,0,0,0,1,1,0,0,0,0,0,0,0,0,0,0,0,0,0,0,0,0,0,0,0,0,1,0,0,0,0,0,0,0,0,0,0,0,1,0,0,0,0,0,0,0,0,0,0,0,1,0,0,1
39,28.03.2018 1:00:48,Недостаточный профессионализм учителей,4.7,4.7,4.6,4.7,4.7,4.1,5.0,4.5,4.8,4.7,4.7,4.8,"Яндекс.алгоритмы, Samsung IT school ",0,1,0,0,0,0,0,0,0,0,0,0,0,0,0,0,0,0,0,1,0,0,0,0,0,0,0,0,0,0,0,0,1,1,0,0,1,0,0,0,0,1,0,0,0,0,0,0,0,0,0,0,0,1,0,0,0,0,0,0,0,0,0,0,0,1,0,0,0,1,0,0,0,0,0,0,0,1,0,0,0,0,0,0
40,28.03.2018 1:00:59,Хотел бы получить больше свободного времени,5.0,4.9,4.9,4.7,4.9,4.7,4.9,4.9,4.9,5.0,4.9,5.0,"Спортивных мероприятиях, Общественных мероприятиях",0,0,0,0,1,0,0,0,0,1,0,0,0,1,1,0,0,1,1,0,1,1,0,0,1,1,0,0,1,1,0,0,0,1,0,0,0,0,1,0,0,0,0,1,0,1,0,0,0,0,1,0,0,0,0,0,0,0,0,0,0,0,1,0,0,0,0,0,0,1,0,0,0,1,1,0,0,0,0,0,0,0,1,1
41,28.03.2018 1:01:40,Хотел бы получить больше свободного времени,4.4,5.0,4.9,5.0,4.6,4.7,4.6,4.7,4.8,4.5,4.3,4.8,Нигде,0,0,0,0,0,1,0,0,0,0,0,0,0,0,0,0,1,1,1,0,0,0,0,0,0,0,0,0,1,0,0,0,0,0,0,0,0,0,0,0,1,0,0,0,0,0,0,0,0,0,0,0,0,0,0,0,1,0,0,0,0,0,0,0,0,0,0,0,1,1,0,0,1,0,0,0,0,0,0,0,0,0,0,0
42,28.03.2018 1:02:11,Недостаточное качество или объем образовательной программы,4.9,5.0,4.8,5.0,4.7,5.0,4.8,4.7,4.9,5.0,5.0,5.0,"Спортивных мероприятиях, Общественных мероприятиях",0,0,1,0,0,0,0,0,0,0,0,0,0,0,1,0,1,0,0,0,1,1,0,0,0,0,0,0,1,0,0,0,0,0,0,0,0,0,0,0,1,0,0,0,0,0,0,0,0,0,0,0,0,0,0,0,1,0,1,0,0,0,0,0,1,0,1,0,0,1,1,0,0,0,0,0,1,0,1,0,0,0,1,1
43,28.03.2018 1:05:50,Никогда не стал бы учиться онлайн,4.9,4.6,5.0,4.9,4.8,4.9,4.8,4.4,4.9,4.9,4.9,4.5,Нигде,1,0,1,0,0,0,1,0,0,1,0,1,1,0,0,0,1,0,0,0,1,0,0,0,0,0,0,0,1,0,1,1,0,0,0,0,0,0,0,0,1,0,1,0,0,0,0,0,0,0,0,0,1,0,1,0,0,0,0,0,0,0,0,0,0,0,0,0,1,1,0,0,0,0,0,0,1,0,1,0,0,0,0,0
44,28.03.2018 1:06:10,Недостаточный профессионализм учителей,4.0,4.1,4.4,4.6,4.3,4.3,4.7,4.6,4.3,4.1,4.4,4.8,Нигде,0,1,1,0,0,0,0,0,0,0,0,1,0,0,0,1,1,0,0,0,1,1,0,0,0,0,0,0,1,1,0,0,0,0,1,0,1,0,0,0,1,0,0,0,0,0,1,0,0,0,0,0,1,0,0,0,0,0,0,0,0,0,0,0,1,0,0,0,0,0,0,0,0,0,0,0,0,0,0,0,1,0,0,0
45,28.03.2018 1:07:41,Никогда не стал бы учиться онлайн,4.4,4.6,4.6,4.2,4.8,4.9,4.2,4.8,4.7,4.9,4.8,4.9,Общественных мероприятиях,0,1,0,0,0,0,0,0,0,0,0,0,0,0,0,0,0,0,0,1,0,0,0,0,0,0,0,0,0,0,0,0,1,0,0,0,0,0,0,0,0,0,0,0,1,0,0,0,0,0,0,0,0,0,0,0,1,0,0,0,0,0,0,0,0,0,0,0,1,1,0,0,0,0,0,0,1,0,0,0,0,0,0,1
46,28.03.2018 1:11:40,Недостаточный профессионализм учителей,3.0,4.0,4.8,4.7,3.0,4.8,3.4,3.4,4.7,3.0,4.1,4.0,Нигде,1,0,0,0,0,0,0,1,1,0,0,1,1,0,1,0,1,1,1,0,0,0,1,1,0,0,0,0,0,0,0,0,0,0,0,0,0,0,0,0,0,0,0,0,1,0,0,0,0,0,0,0,0,0,0,0,1,0,0,0,0,0,0,0,0,0,0,0,1,0,0,0,0,0,0,0,0,0,0,0,1,0,0,0
47,28.03.2018 1:17:22,Недостаточное качество или объем образовательной программы,4.1,4.6,4.7,4.5,4.1,4.7,4.1,4.6,4.0,3.6,4.4,4.7,"Спортивных мероприятиях, Общественных мероприятиях",1,0,0,0,0,0,0,0,0,0,0,0,0,0,1,0,1,0,0,0,0,0,1,1,0,0,0,0,1,0,0,0,0,0,1,1,0,0,0,0,1,0,0,0,0,0,1,0,0,0,0,0,1,0,0,0,0,0,0,0,0,0,0,0,0,0,0,0,1,0,0,0,0,0,0,0,1,0,0,0,0,0,1,1
48,28.03.2018 1:19:21,Никогда не стал бы учиться онлайн,3.4,4.0,4.7,4.4,3.9,4.1,4.1,3.9,4.8,4.1,3.3,4.3,Спортивных мероприятиях,1,0,0,1,0,0,0,0,0,0,0,1,1,1,1,0,1,0,0,0,0,0,1,0,0,0,0,0,1,0,1,1,0,0,0,0,0,0,0,0,0,0,0,0,0,1,1,0,0,0,0,0,1,0,1,0,0,0,0,0,0,0,0,0,0,0,0,0,1,1,1,0,0,0,0,0,1,0,0,0,0,0,1,0
49,28.03.2018 1:19:50,Не люблю рано вставать,3.2,3.0,4.9,5.0,4.2,4.8,3.3,2.5,3.9,4.7,2.0,4.7,Спортивных мероприятиях,0,0,1,0,0,0,0,0,0,0,0,1,1,1,1,0,0,0,0,0,1,0,1,1,0,0,0,0,1,0,1,1,0,0,0,0,0,0,0,0,1,0,0,0,0,0,0,0,0,0,0,0,0,0,0,0,1,0,0,0,0,0,0,0,0,0,0,0,1,0,0,0,0,0,0,0,0,0,0,0,1,0,1,0
50,28.03.2018 1:21:12,Не люблю рано вставать,3.7,4.7,4.4,4.1,4.2,4.8,4.1,4.6,4.5,4.3,4.2,4.9,Волонтерском движении,1,0,0,0,0,0,0,1,1,0,1,1,0,1,1,0,1,0,1,0,0,0,1,0,0,0,0,0,1,0,0,0,0,0,0,0,0,0,0,0,1,0,0,0,0,0,0,0,0,0,0,0,1,0,0,0,0,0,0,0,0,0,0,0,1,0,0,0,0,0,1,1,0,0,0,0,0,0,0,0,0,1,0,0
51,28.03.2018 1:22:16,Хотел бы получить больше свободного времени,4.8,4.1,3.4,4.5,4.2,3.4,4.7,4.6,4.0,4.7,4.2,4.8,"Спортивных мероприятиях, Общественных мероприятиях",0,0,0,0,0,1,0,0,0,0,1,0,0,0,1,0,1,1,0,0,0,0,0,0,0,0,0,0,0,0,0,0,1,1,0,0,1,0,0,0,0,0,1,0,0,0,0,0,1,0,0,0,0,0,0,0,0,0,0,0,0,0,0,0,0,0,0,0,0,1,0,0,1,0,0,0,0,0,0,0,0,0,1,1
52,28.03.2018 1:27:08,Не люблю рано вставать,4.7,4.4,4.0,4.8,3.8,4.9,3.6,4.6,4.9,3.2,4.8,4.4,Нигде,0,0,1,0,0,0,0,0,0,0,0,0,0,0,0,0,0,0,0,1,0,0,0,0,0,0,0,0,0,0,1,0,0,0,0,0,0,0,0,1,1,0,1,0,0,0,0,0,0,0,0,1,1,0,0,0,0,0,0,0,0,0,0,0,0,0,0,0,1,1,0,0,0,0,0,0,1,0,0,0,0,0,0,0
53,28.03.2018 1:29:38,Недостаточный профессионализм учителей,4.3,4.8,4.5,4.8,4.3,4.0,3.3,4.2,4.7,4.5,5.0,4.6,"Общественных мероприятиях, Театральный кружок, клуб дебатов",0,0,0,0,1,0,0,0,0,0,0,0,0,0,1,0,1,1,0,1,1,1,0,0,0,1,1,0,0,0,0,0,0,0,0,0,0,0,0,0,0,0,0,0,1,0,0,0,0,0,0,0,0,0,0,0,1,0,0,0,0,0,0,0,0,0,0,0,1,0,0,0,0,0,0,0,0,0,0,0,1,0,0,1
54,28.03.2018 1:35:32,Чтобы получить больший балл на ЕГЭ,4.9,4.9,4.8,5.0,4.8,4.8,4.9,4.8,4.9,5.0,5.0,5.0,Общественных мероприятиях,0,1,0,0,0,1,1,0,0,0,0,0,0,0,1,0,0,1,1,0,0,0,0,0,1,0,0,0,0,1,0,0,0,0,1,0,1,0,1,1,1,0,0,0,0,0,0,0,1,0,0,0,0,0,0,0,0,0,0,0,0,0,0,0,0,0,0,0,1,1,0,0,1,0,0,0,0,0,0,0,0,0,0,1
55,28.03.2018 1:46:42,"Возможно, обучение онлайн по базовым предметам прошло бы быстрее и тем самым освободило время для профильных предметов. Их, как мне кажется, удобно осваивать и онлайн, и в классе, но только в сочетании этих двух форматах обучения",4.8,4.8,4.8,4.7,4.9,5.0,4.8,4.8,4.8,4.9,4.9,4.8,Общественных мероприятиях,1,0,0,0,0,0,0,0,0,0,0,0,0,0,1,0,0,1,1,0,0,0,0,0,0,0,0,0,0,0,0,0,1,0,1,1,0,0,0,0,0,0,0,0,0,0,0,1,0,0,0,0,0,0,0,0,0,0,0,0,0,0,0,0,0,0,0,0,1,0,0,1,0,0,0,0,0,0,0,0,0,0,0,1
56,28.03.2018 1:48:55,Хотел бы получить больше свободного времени,2.8,2.9,5.0,4.8,4.5,4.8,3.3,3.6,4.1,4.3,3.6,4.0,Нигде,1,0,0,0,0,0,0,1,1,0,0,1,1,1,1,0,1,0,0,0,0,0,1,1,0,0,0,0,1,0,0,0,0,0,0,1,0,0,0,0,1,0,0,0,0,0,0,0,0,0,0,0,0,0,0,0,1,0,0,0,0,0,0,0,0,0,0,0,1,0,0,0,0,0,0,0,0,0,0,0,1,0,0,0
57,28.03.2018 1:51:44,Чтобы получить больший балл на ЕГЭ,5.0,4.8,3.9,4.1,4.2,4.2,4.7,4.6,4.2,4.7,4.2,4.1,Спортивных мероприятиях,0,1,0,0,0,0,0,0,0,0,0,0,0,0,0,0,0,0,0,1,0,0,0,0,0,0,0,0,0,0,0,0,1,1,0,0,0,0,0,0,0,0,0,0,0,1,0,0,0,0,0,0,0,0,0,0,0,0,0,0,0,0,0,0,0,0,0,0,1,1,0,0,0,0,0,0,0,0,0,0,0,0,1,0
58,28.03.2018 2:15:09,Недостаточный профессионализм учителей,4.8,4.4,3.9,3.2,2.9,4.9,3.6,2.5,3.7,4.7,3.6,4.9,"Спортивных мероприятиях, Общественных мероприятиях",0,0,0,0,1,0,0,0,0,1,1,0,0,0,1,0,1,0,0,0,1,1,0,0,1,1,1,0,1,1,0,0,0,0,0,0,0,0,0,0,1,0,0,0,0,0,0,0,0,0,0,0,0,0,0,0,1,0,0,0,0,0,0,0,0,0,0,0,1,0,0,0,0,0,0,0,0,0,0,0,1,0,1,1
59,28.03.2018 2:22:06,Недостаточный профессионализм учителей,4.9,5.0,5.0,4.8,4.8,4.9,4.8,5.0,4.7,4.8,4.8,4.8,"Спортивных мероприятиях, Общественных мероприятиях",1,0,0,0,0,0,0,0,0,0,0,0,0,0,0,0,1,0,0,0,0,0,0,0,0,0,0,0,0,1,0,0,0,0,1,0,0,0,0,0,1,0,1,1,0,0,1,0,0,0,0,0,1,0,1,1,0,0,0,0,0,0,0,0,0,0,0,1,0,0,1,0,0,0,0,0,0,0,0,1,0,0,1,1
60,28.03.2018 2:22:13,Недостаточный профессионализм учителей,4.7,4.5,4.6,4.8,4.7,3.2,3.0,2.7,4.7,4.9,4.3,4.5,Общественных мероприятиях,0,0,0,0,1,0,0,0,0,0,0,1,1,1,0,1,0,0,0,0,0,0,0,0,1,1,1,0,1,0,0,0,0,0,0,0,0,0,0,0,0,0,0,0,1,0,0,0,0,0,0,0,0,0,0,0,1,0,0,0,0,0,0,0,0,0,0,0,1,0,0,0,0,0,0,0,0,0,0,0,1,0,0,1
61,28.03.2018 2:42:50,Хотел бы получить больше свободного времени,4.2,4.5,4.1,4.1,4.3,4.2,3.6,2.7,4.0,4.6,3.2,5.0,Нигде,0,0,1,0,0,0,0,0,0,0,1,1,1,1,0,0,0,0,0,0,0,0,0,0,0,0,0,0,0,0,1,1,0,1,1,0,0,0,0,0,1,1,1,0,0,0,0,0,0,0,0,0,0,0,0,0,1,0,0,0,0,0,0,0,0,0,0,0,1,1,0,0,0,0,0,0,1,0,0,0,0,0,0,0
62,28.03.2018 3:22:43,Не люблю рано вставать,3.5,3.8,4.2,5.0,3.5,4.9,3.1,4.1,4.9,4.2,4.7,3.8,Общественных мероприятиях,1,0,0,0,0,0,0,0,0,0,1,0,1,1,1,1,0,0,1,0,0,0,0,1,0,1,1,1,1,0,0,1,0,0,1,1,0,0,0,0,0,0,0,0,0,1,0,0,0,0,0,0,0,0,0,0,0,0,0,0,0,0,0,0,0,0,0,0,1,0,0,0,0,0,0,0,0,0,0,0,1,0,0,1
63,28.03.2018 3:37:07,Недостаточное качество или объем образовательной программы,4.7,4.1,4.6,4.5,4.8,3.6,3.6,4.8,4.2,4.7,4.8,4.8,Нигде,0,0,0,0,0,1,0,0,0,0,1,0,0,0,1,0,0,1,1,0,0,0,0,0,0,0,1,0,0,1,0,0,0,0,0,0,1,0,1,0,0,0,0,0,0,0,0,0,0,0,0,0,0,0,0,0,1,0,0,0,0,0,0,0,0,0,0,0,1,0,0,0,1,0,0,0,0,0,0,0,0,0,0,0
64,28.03.2018 5:54:27,Хотел бы получить больше свободного времени,4.4,4.6,4.7,5.0,4.6,4.9,4.8,4.7,4.2,4.2,4.5,4.0,Спортивных мероприятиях,0,0,0,0,1,0,0,0,0,0,0,0,0,0,0,0,0,1,1,0,1,0,0,0,0,1,0,0,1,0,0,0,0,0,1,0,0,0,0,0,0,0,0,0,0,1,1,0,1,0,0,0,1,0,0,0,0,0,0,0,0,0,0,0,0,0,0,0,1,1,1,0,1,0,0,0,1,0,0,0,0,0,1,0
65,28.03.2018 6:30:06,Никогда не стал бы учиться онлайн,3.9,3.5,5.0,4.8,4.4,4.8,4.0,4.5,5.0,4.8,4.7,4.9,Общественных мероприятиях,1,0,1,0,0,0,0,0,0,0,0,0,0,0,0,0,0,0,0,1,0,0,0,0,0,0,0,0,0,0,0,0,1,0,0,0,0,0,0,0,1,0,0,0,0,0,0,0,0,0,0,0,1,0,0,0,0,0,0,0,0,0,0,0,0,0,0,0,1,0,0,0,0,0,0,0,1,0,0,0,0,0,0,1
66,28.03.2018 7:16:24,Недостаточный профессионализм учителей,4.9,5.0,4.8,4.0,4.4,4.8,4.0,4.1,4.7,4.3,4.3,4.2,Общественных мероприятиях,0,1,0,0,0,0,0,0,0,0,1,1,1,1,0,0,0,0,0,0,1,1,0,0,0,0,0,0,0,1,0,0,0,0,0,0,0,0,0,0,0,0,0,0,1,0,0,0,0,0,0,0,1,0,1,0,0,0,0,0,0,0,0,0,0,0,0,0,1,1,1,0,0,0,0,0,1,0,1,0,0,0,0,1
67,28.03.2018 7:27:29,Недостаточное качество или объем образовательной программы,4.7,4.8,4.8,5.0,4.8,4.9,5.0,4.7,4.8,4.8,4.9,4.7,"Спортивных мероприятиях, Общественных мероприятиях",0,0,1,0,0,0,0,0,0,0,0,0,0,0,0,0,1,0,0,0,0,0,0,0,0,0,0,0,1,1,0,0,0,0,0,1,0,0,0,0,0,0,0,0,0,1,1,1,0,0,0,0,1,0,1,0,0,0,0,0,0,0,0,0,0,0,0,0,1,0,0,0,0,0,0,0,0,0,0,0,1,0,1,1
68,28.03.2018 7:35:32,Хотел бы получить больше свободного времени,4.2,5.0,4.7,4.9,4.8,4.7,4.2,4.3,4.7,4.2,4.9,4.7,"Волонтерском движении, Общественных мероприятиях",0,0,1,0,0,0,1,0,0,0,0,0,0,0,0,0,0,0,0,1,1,1,1,0,1,0,0,0,0,0,1,0,0,0,0,0,0,0,0,0,0,0,0,0,1,0,0,0,0,0,0,0,0,0,0,0,1,0,0,0,0,0,0,0,0,0,0,0,1,0,0,0,0,0,0,0,0,0,0,0,1,1,0,1
69,28.03.2018 7:36:05,Никогда не стал бы учиться онлайн,4.8,4.9,4.8,5.0,4.4,4.1,4.3,4.1,4.6,4.4,4.1,4.3,"Спортивных мероприятиях, Общественных мероприятиях",0,0,0,0,0,0,1,0,0,0,0,0,0,0,0,0,0,0,0,1,0,0,0,0,0,0,0,0,0,0,0,0,1,1,1,0,0,0,0,0,1,0,0,0,0,0,0,0,0,0,0,0,0,0,0,0,1,0,0,0,0,0,0,0,0,0,0,0,1,1,0,0,1,0,0,0,0,0,0,0,0,0,1,1
70,28.03.2018 7:36:07,Никогда не стал бы учиться онлайн,4.3,4.9,3.7,4.7,4.7,4.2,4.2,4.8,4.5,4.9,4.0,4.8,Общественных мероприятиях,1,0,0,0,0,0,0,0,0,0,0,0,0,0,0,0,0,0,0,1,0,0,0,1,0,0,0,0,0,0,1,0,0,1,0,0,0,0,0,0,0,0,0,0,0,0,0,0,0,0,0,0,0,0,0,0,1,0,0,0,0,0,0,0,0,0,0,0,1,0,0,0,0,0,0,0,0,0,0,0,1,0,0,1
71,28.03.2018 7:37:08,Хотел бы получить больше свободного времени,3.9,4.2,3.2,2.7,3.1,2.8,4.2,3.3,4.0,3.1,3.2,3.7,Спортивных мероприятиях,0,0,0,0,0,0,1,0,0,0,1,0,1,1,1,0,0,1,1,0,1,0,0,0,1,0,0,0,0,0,0,0,0,0,0,0,1,0,0,0,0,0,0,0,0,0,0,0,0,0,0,0,0,0,0,0,1,0,0,0,0,0,0,0,0,0,0,0,1,0,0,0,1,0,0,0,0,0,0,0,0,0,1,0
72,28.03.2018 7:39:22,Никогда не стал бы учиться онлайн,4.0,3.3,4.3,4.0,5.0,4.8,4.8,4.8,4.9,4.4,4.8,4.8,Нигде,0,0,0,0,0,0,1,0,0,0,0,0,0,0,0,0,0,0,0,1,0,0,0,0,0,0,0,0,0,0,0,0,1,0,0,0,0,0,0,0,0,0,0,0,1,0,0,0,0,0,0,0,0,0,0,0,1,0,0,0,0,0,0,0,0,0,0,0,1,0,0,0,0,0,0,0,0,0,0,0,1,0,0,0
73,28.03.2018 7:40:30,Хотел бы получить больше свободного времени,4.0,4.2,4.2,4.4,3.9,3.9,4.8,3.2,3.3,3.7,3.5,3.4,Нигде,0,0,0,0,0,0,1,0,0,0,0,0,0,1,1,1,0,1,1,0,1,0,0,0,1,0,0,0,1,0,0,0,0,0,0,0,0,0,0,0,0,0,0,0,1,0,0,0,0,0,0,0,0,0,0,0,1,0,0,0,0,0,0,0,0,0,0,0,1,0,0,0,0,0,0,0,0,0,0,0,1,0,0,0
74,28.03.2018 7:51:16,Никогда не стал бы учиться онлайн,4.8,3.2,3.2,4.7,4.1,4.8,4.0,4.5,4.4,4.0,4.7,4.7,"Спортивных мероприятиях, Общественных мероприятиях",1,0,0,0,0,0,0,0,0,0,0,0,0,0,0,0,0,0,0,1,0,0,0,0,0,0,0,1,1,0,0,1,0,0,0,0,0,0,0,0,0,0,0,0,1,0,0,0,0,0,0,0,0,0,0,0,1,0,0,0,0,0,0,0,0,0,0,0,1,0,0,0,0,0,0,0,0,0,0,0,1,0,1,1
75,28.03.2018 7:55:09,Хотел бы получить больше свободного времени,4.8,4.7,5.0,5.0,5.0,4.8,4.8,4.9,4.8,5.0,4.9,5.0,Нигде,1,0,0,0,0,0,0,0,0,0,0,1,1,1,1,0,1,1,1,0,0,0,1,0,0,0,0,0,0,1,0,0,0,0,1,1,0,0,0,0,1,0,0,0,0,0,1,1,0,0,0,0,1,0,0,0,0,0,1,0,0,0,0,0,1,0,0,0,0,0,1,1,0,0,0,0,1,0,0,0,0,0,0,0
76,28.03.2018 7:58:59,Недостаточный профессионализм учителей,4.1,4.5,4.9,4.9,4.8,4.9,4.0,3.9,4.3,5.0,4.3,4.8,"Волонтерском движении, Общественных мероприятиях",0,0,0,0,0,0,1,0,0,0,0,0,0,0,0,0,1,0,0,0,0,0,0,0,0,0,0,0,0,1,1,0,0,0,1,0,0,0,0,0,0,0,0,0,0,0,0,0,0,0,0,0,0,0,0,0,1,0,0,0,0,0,0,0,0,0,0,0,1,0,0,0,0,0,0,0,0,0,0,0,1,1,0,1
77,28.03.2018 8:04:27,Недостаточный профессионализм учителей,4.4,4.5,4.1,4.2,3.4,4.5,4.5,3.5,4.8,3.3,4.2,4.2,"Спортивных мероприятиях, Общественных мероприятиях",0,0,0,0,0,1,0,0,0,0,1,0,0,0,0,0,1,1,1,0,1,1,0,0,0,0,0,1,0,0,0,0,0,0,0,0,0,0,0,1,1,0,0,0,0,0,0,0,0,0,0,1,0,0,0,0,0,0,0,0,0,0,0,0,0,0,0,0,1,0,0,0,0,0,0,1,0,0,0,0,0,0,1,1
78,28.03.2018 8:04:42,Недостаточное качество или объем образовательной программы,4.4,4.8,4.9,4.8,4.2,4.8,3.7,4.2,4.9,4.7,5.0,4.7,"Волонтерском движении, Спортивных мероприятиях",0,0,0,0,0,0,1,0,0,0,1,0,0,0,1,0,0,0,1,0,1,0,0,0,1,0,0,0,0,0,0,0,0,0,0,0,0,0,0,0,0,0,0,0,1,0,0,0,0,0,0,0,0,0,0,0,1,0,0,0,0,0,0,0,0,0,0,0,1,0,0,0,0,0,0,0,0,0,0,0,1,1,1,0
79,28.03.2018 8:06:45,"Проще сосредоточиться на обучении, нет необходимости сидеть на уроке",4.9,4.8,4.5,4.0,4.8,4.5,4.9,4.8,4.0,4.3,4.2,4.7,Нигде,0,1,0,0,0,0,1,0,0,0,0,0,0,0,0,0,0,1,1,1,1,1,0,0,1,0,0,0,0,1,0,0,0,1,1,0,1,0,1,0,0,1,0,0,0,0,0,0,1,0,0,0,0,1,0,0,0,0,0,0,0,0,0,0,0,0,0,0,1,1,0,0,1,0,0,0,0,1,0,0,0,0,0,0
80,28.03.2018 8:07:32,Хотел бы получить больше свободного времени,4.7,5.0,4.8,5.0,5.0,4.0,4.7,4.3,4.3,4.7,4.2,4.7,"Спортивных мероприятиях, Общественных мероприятиях",0,0,0,0,0,0,1,1,1,0,0,0,0,0,0,0,0,0,0,0,0,0,0,0,1,0,0,0,0,0,0,0,0,1,1,0,1,0,0,0,0,0,0,0,0,0,1,0,0,0,0,0,0,0,0,0,0,0,0,0,0,0,0,0,0,0,0,0,1,0,0,0,0,0,0,0,0,0,0,0,1,0,1,1
81,28.03.2018 8:19:41,Хотел бы получить больше свободного времени,4.2,4.7,5.0,4.8,4.5,4.8,4.0,4.1,4.9,5.0,4.7,4.7,Общественных мероприятиях,1,0,0,0,0,0,0,0,0,1,0,0,0,0,1,0,1,0,0,0,0,0,0,0,1,1,1,0,0,0,0,1,0,0,1,1,0,0,1,1,1,0,1,1,0,0,0,0,0,0,1,0,0,0,1,0,0,0,0,0,0,0,0,0,0,0,0,0,1,0,0,0,0,0,0,0,0,0,1,1,0,0,0,1
82,28.03.2018 8:22:32,"Чтобы не отвечать перед классо, а сдавать отчётности в письменной форме",4.0,4.2,5.0,4.1,4.8,5.0,4.7,4.2,4.6,4.5,4.1,4.7,"В спортивной версии игры «Что? Где? Когда?», в том числе в чемпионатах России",1,0,0,0,0,0,0,0,0,0,0,0,0,0,0,0,1,0,1,0,0,0,0,0,0,0,0,0,0,0,0,0,1,0,0,0,0,0,0,0,0,0,0,0,1,0,0,0,0,0,0,0,0,0,0,0,1,0,0,0,0,0,0,0,0,0,0,0,1,0,0,0,0,0,0,0,0,0,0,0,1,0,0,0
83,28.03.2018 8:25:16,Хотел бы получить больше свободного времени,2.8,2.1,4.7,4.1,4.1,4.0,3.3,2.9,4.4,4.1,2.9,4.0,"Волонтерском движении, Спортивных мероприятиях, Общественных мероприятиях",1,0,0,0,0,0,0,0,0,0,0,0,1,0,0,0,0,0,0,0,0,0,0,1,0,0,0,0,1,0,0,0,0,0,0,0,0,0,0,0,0,0,0,0,1,0,0,0,0,0,0,0,1,0,0,0,0,0,0,0,0,0,0,0,0,0,0,0,1,0,0,0,0,0,0,0,0,0,0,0,1,1,1,1
84,28.03.2018 8:36:25,Никогда не стал бы учиться онлайн,2.9,2.6,4.8,4.1,4.1,3.2,2.8,2.7,4.0,4.0,4.0,3.3,"Спортивных мероприятиях, Общественных мероприятиях",0,0,1,0,0,0,0,1,0,1,1,0,0,0,1,1,1,1,1,0,0,0,1,1,0,0,0,1,1,0,1,1,0,0,0,0,0,0,0,0,0,0,0,0,1,0,0,0,0,0,0,0,0,0,0,0,1,0,0,0,0,0,0,0,0,0,0,0,1,0,0,0,0,0,0,0,0,0,0,0,1,0,1,1
85,28.03.2018 8:37:20,Чтобы получить больший балл на ЕГЭ,4.8,4.7,4.7,5.0,4.7,4.0,3.9,4.0,5.0,4.5,4.9,5.0,Нигде,0,0,0,0,1,0,0,0,0,1,1,0,0,0,1,1,1,1,0,0,0,0,0,0,0,1,1,0,0,0,0,0,0,0,1,1,0,0,1,0,0,0,1,0,0,0,0,0,0,0,0,0,0,0,0,0,1,0,0,0,0,0,0,0,0,0,0,0,1,0,0,0,0,0,0,0,0,0,0,0,1,0,0,0
86,28.03.2018 8:39:27,Никогда не стал бы учиться онлайн,4.0,3.2,4.7,4.7,4.2,4.3,4.1,3.6,4.1,4.0,3.3,4.6,Общественных мероприятиях,0,0,1,0,0,0,0,0,0,0,0,0,0,0,0,0,0,0,0,1,0,0,0,0,0,0,0,0,0,0,0,0,1,0,0,0,0,0,0,0,0,0,0,0,1,0,0,0,0,0,0,0,0,0,0,0,1,0,0,0,0,0,0,0,0,0,0,0,1,1,1,0,0,0,0,0,0,0,0,0,0,0,0,1
87,28.03.2018 8:43:37,Недостаточный профессионализм учителей,4.2,4.4,4.4,4.4,4.2,4.7,4.2,4.6,4.8,4.1,4.6,4.7,"Спортивных мероприятиях, Общественных мероприятиях",0,0,0,0,0,1,1,0,0,0,1,0,0,0,1,0,0,1,1,0,0,0,0,1,0,0,1,1,0,0,1,1,0,0,0,0,0,0,0,0,1,0,0,0,0,0,0,0,0,0,0,0,0,0,0,0,1,0,0,0,0,0,0,0,0,0,0,0,1,0,0,0,0,0,0,0,0,0,0,0,1,0,1,1
88,28.03.2018 8:44:07,Хотел бы получить больше свободного времени,4.2,5.0,4.7,5.0,4.0,5.0,4.5,4.7,4.5,4.9,4.3,4.7,"Спортивных мероприятиях, Общественных мероприятиях",0,1,1,0,0,0,1,0,0,0,0,0,1,1,1,1,0,0,1,0,1,1,0,0,0,0,0,0,0,1,1,0,0,1,0,0,1,0,0,0,0,1,1,1,0,1,0,0,1,0,0,0,0,1,1,1,0,0,0,0,0,0,0,0,0,0,0,0,1,0,0,0,0,0,0,0,0,0,0,0,1,0,1,1
89,28.03.2018 8:50:47,Хотел бы получить больше свободного времени,3.9,4.1,4.8,4.0,4.7,4.2,3.6,3.5,4.9,4.2,4.0,4.8,Общественных мероприятиях,0,0,0,0,0,0,1,1,1,1,1,0,1,1,0,0,1,1,0,0,0,0,0,0,0,0,0,0,0,0,0,0,1,0,0,0,0,0,0,0,0,0,0,0,1,0,0,0,0,0,0,0,0,0,0,0,1,0,0,0,0,0,0,0,0,0,0,0,1,0,0,0,0,0,0,0,0,0,0,0,1,0,0,1
90,28.03.2018 8:54:07,Хотел бы получить больше свободного времени,4.2,4.5,3.2,4.0,4.9,4.6,4.7,4.0,4.8,5.0,4.8,4.7,Общественных мероприятиях,0,0,0,0,0,0,1,1,1,0,0,1,0,0,0,1,0,1,1,0,1,1,0,0,1,0,0,0,1,1,1,1,0,0,0,0,0,0,0,0,0,0,0,0,1,0,0,0,0,0,0,0,0,0,0,0,1,0,0,0,0,0,0,0,0,0,0,0,1,1,0,0,0,0,0,0,0,0,0,0,0,0,0,1
91,28.03.2018 8:56:44,Недостаточное качество или объем образовательной программы,3.7,3.8,4.4,3.7,3.2,3.8,3.4,4.0,4.2,4.5,4.3,4.5,Нигде,1,0,0,0,0,0,0,1,1,0,0,0,0,0,0,0,0,0,0,0,0,0,0,0,0,0,0,0,0,0,0,0,1,0,0,0,0,0,0,0,0,0,0,0,1,0,0,0,0,0,0,0,0,0,0,0,1,0,0,0,0,0,0,0,0,0,0,0,1,0,0,0,0,0,0,0,0,0,0,0,1,0,0,0
92,28.03.2018 9:00:01,Хотел бы получить больше свободного времени,4.0,3.4,4.3,4.8,4.0,4.7,3.2,3.1,4.5,4.0,5.0,4.8,Спортивных мероприятиях,1,0,0,0,0,0,0,0,0,0,0,0,0,0,0,0,1,0,0,0,0,0,0,0,0,0,0,0,1,0,1,0,0,0,0,0,0,0,0,0,1,0,0,0,0,0,0,0,0,0,0,0,1,0,0,0,0,0,0,0,0,0,0,0,0,0,0,0,1,0,0,0,0,0,0,0,0,0,0,0,1,0,1,0
93,28.03.2018 9:01:15,Недостаточное качество или объем образовательной программы,4.6,4.2,4.4,4.3,4.3,4.8,3.7,2.6,4.5,4.5,4.8,4.8,Общественных мероприятиях,0,0,1,0,0,0,0,0,0,0,0,1,1,0,0,0,1,0,0,0,0,0,1,0,0,0,0,0,1,0,1,0,0,0,0,0,0,0,0,0,1,0,0,0,0,0,0,0,0,0,0,0,0,0,0,0,1,0,0,0,0,0,0,0,0,0,0,0,1,0,0,0,0,0,0,0,0,0,1,0,0,0,0,1
94,28.03.2018 9:04:24,Недостаточный профессионализм учителей,4.7,4.9,4.9,5.0,5.0,5.0,5.0,4.8,4.8,4.8,5.0,4.9,Общественных мероприятиях,0,0,0,0,0,0,1,0,0,0,0,0,0,0,0,1,0,0,0,0,0,0,0,0,1,0,0,0,0,0,0,0,0,1,1,1,1,0,0,0,1,0,1,0,0,0,0,0,0,0,0,0,0,0,0,0,1,0,0,0,0,0,0,0,0,0,0,0,1,1,0,0,1,0,0,0,0,0,0,0,0,0,0,1
95,28.03.2018 9:08:44,Никогда не стал бы учиться онлайн,4.8,4.2,4.0,5.0,4.8,4.9,4.9,5.0,5.0,4.9,4.9,5.0,"Спортивных мероприятиях, Общественных мероприятиях",0,0,1,0,0,0,0,0,0,0,0,0,0,0,0,0,0,0,0,1,0,0,0,0,0,0,0,0,0,0,0,1,0,0,0,0,0,0,0,0,1,0,0,0,0,0,0,0,0,0,0,0,0,0,0,0,1,0,0,0,0,0,0,0,0,0,0,0,1,0,0,0,0,0,0,0,0,0,0,0,1,0,1,1
96,28.03.2018 9:19:47,Не люблю рано вставать,4.3,3.7,4.8,4.7,4.3,4.5,4.0,3.6,3.1,5.0,3.7,3.9,Общественных мероприятиях,1,0,0,0,0,0,0,0,1,0,0,1,0,0,1,0,1,0,0,0,0,0,0,0,0,0,0,0,1,0,1,1,0,1,1,1,1,0,0,0,1,0,1,1,0,0,1,1,0,0,0,0,0,0,0,0,0,0,0,0,0,0,0,0,0,0,0,0,1,0,0,0,0,0,0,0,0,0,0,0,1,0,0,1
97,28.03.2018 9:20:36,Не люблю рано вставать,4.1,3.7,3.3,3.2,4.4,3.7,3.6,3.6,5.0,4.1,4.3,5.0,Нигде,0,0,0,0,0,0,1,0,0,1,1,1,1,1,1,1,1,1,1,0,1,1,0,0,0,0,0,0,0,0,0,0,0,0,0,0,0,0,0,0,0,0,0,0,1,0,0,0,0,0,0,0,0,0,0,0,1,0,0,0,0,0,0,0,0,0,0,0,1,0,0,0,0,0,0,0,0,0,0,0,1,0,0,0
98,28.03.2018 9:20:40,Недостаточное качество или объем образовательной программы,3.3,3.7,4.8,4.8,5.0,4.7,3.3,3.9,4.9,4.8,4.9,4.9,Нигде,0,0,1,0,0,0,0,0,0,0,1,0,0,1,1,0,0,1,1,0,1,1,0,0,1,0,0,0,1,0,0,0,0,0,1,0,0,0,0,0,0,0,0,0,0,0,1,0,0,0,0,0,0,0,0,0,0,0,1,0,0,0,0,0,0,0,0,0,0,0,1,0,0,0,0,0,0,0,0,0,0,0,0,0
99,28.03.2018 9:24:26,Хотел бы получить больше свободного времени,4.9,4.9,4.8,4.9,5.0,4.8,4.7,4.7,4.7,4.9,4.9,4.8,Нигде,0,0,0,0,0,0,1,0,0,0,0,0,0,0,1,0,0,0,0,0,0,0,0,0,1,0,0,0,0,0,0,0,0,1,0,0,1,0,0,0,0,0,0,0,0,0,0,0,0,0,0,0,0,0,0,0,1,0,0,0,0,0,0,0,0,0,0,0,1,1,1,1,1,0,0,0,0,0,0,0,0,0,0,0
100,28.03.2018 9:25:08,Хотел бы получить больше свободного времени,5.0,4.7,4.9,4.8,4.6,4.0,4.8,4.7,5.0,4.9,4.8,4.8,Спортивных мероприятиях,1,0,0,0,0,0,0,0,0,0,0,1,0,1,1,0,1,0,1,0,1,1,1,1,0,0,0,0,1,0,1,0,0,0,0,0,0,0,0,0,0,0,0,0,1,0,0,0,0,0,0,0,0,0,0,0,1,0,0,0,0,0,0,0,0,0,0,0,1,0,0,0,0,0,0,0,0,0,0,0,1,0,1,0
101,28.03.2018 9:25:11,Недостаточный профессионализм учителей,4.7,4.8,4.8,4.9,5.0,4.1,3.9,3.5,4.7,4.7,3.5,4.6,Общественных мероприятиях,1,0,0,0,0,0,0,0,0,0,0,0,0,0,1,0,0,0,0,0,0,0,0,1,0,0,0,0,0,0,0,0,0,0,0,0,0,0,0,0,0,0,0,0,1,1,1,0,0,0,0,0,0,0,0,0,0,0,0,0,0,0,0,0,0,0,0,0,1,1,1,0,0,0,0,0,0,0,0,0,0,0,0,1
102,28.03.2018 9:28:24,Хотел бы получить больше свободного времени,4.6,4.2,4.2,4.5,4.4,4.5,4.1,4.3,4.3,4.0,4.0,4.3,Общественных мероприятиях,0,1,0,0,0,0,0,1,1,1,1,0,0,0,0,0,1,0,0,0,1,1,0,0,0,0,0,0,1,1,0,1,0,0,0,0,0,0,0,0,1,0,0,0,0,0,0,0,0,0,0,0,0,0,0,0,1,0,0,0,0,0,0,0,0,0,0,0,1,1,1,0,0,0,0,0,1,1,0,0,0,0,0,1
103,28.03.2018 9:29:27,Хотел бы получить больше свободного времени,3.1,3.9,4.0,4.7,4.2,3.3,2.9,3.5,4.8,4.8,4.5,5.0,Общественных мероприятиях,1,0,0,0,0,0,0,0,1,0,0,0,0,0,0,0,0,0,0,0,0,0,0,0,0,0,0,0,1,0,0,0,0,0,0,0,0,0,0,0,0,0,0,0,1,0,0,0,0,0,0,0,0,0,0,0,1,0,0,0,0,0,0,0,0,0,0,0,1,1,0,0,0,0,0,0,0,0,0,0,0,0,0,1
104,28.03.2018 9:30:42,Не люблю тратить время на дорогу ,4.4,4.5,4.8,4.0,4.0,4.9,3.2,3.5,3.3,4.8,3.9,4.8,"Волонтерском движении, Общественных мероприятиях",0,0,1,0,0,0,0,0,0,0,0,0,0,0,1,0,1,0,0,0,0,0,0,0,0,0,0,0,1,0,1,0,0,0,0,0,0,0,0,0,0,0,0,0,1,0,0,0,0,0,0,0,0,0,0,0,1,0,0,0,0,0,0,0,0,0,0,0,1,0,0,0,0,0,0,0,0,0,0,0,0,1,0,1
105,28.03.2018 9:31:38,Хотел бы получить больше свободного времени,3.3,3.4,4.4,4.0,4.4,4.5,3.2,3.8,4.8,4.8,4.4,3.7,"Волонтерском движении, Спортивных мероприятиях, Общественных мероприятиях",0,0,0,0,0,0,1,0,0,0,1,0,0,0,0,1,0,1,1,0,0,0,0,1,0,0,0,0,0,0,0,0,0,0,0,0,0,0,0,0,0,0,0,0,1,0,0,0,0,0,0,0,0,0,0,0,1,0,0,0,0,0,0,0,0,0,0,0,1,0,0,0,0,0,0,0,0,0,0,0,1,1,1,1
106,28.03.2018 9:35:39,Никогда не стал бы учиться онлайн,4.0,3.8,4.1,4.1,4.8,4.8,3.6,3.8,4.1,4.7,4.5,4.8,Нигде,0,0,1,0,0,0,0,0,0,0,0,0,0,0,0,0,0,0,0,1,0,0,0,0,0,0,0,0,0,0,0,0,1,0,0,0,0,0,0,0,0,0,0,0,1,0,0,0,0,0,0,0,0,0,0,0,1,0,0,0,0,0,0,0,0,0,0,0,1,0,0,0,0,0,0,0,0,0,0,0,1,0,0,0
107,28.03.2018 9:41:04,Хотел бы получить больше свободного времени,2.7,3.3,3.8,4.2,4.8,4.2,3.9,4.1,3.5,4.9,3.6,3.9,Общественных мероприятиях,1,0,0,0,0,0,0,1,1,0,0,1,1,0,0,0,0,0,0,0,0,0,0,0,0,0,0,0,0,0,0,0,1,0,0,0,0,0,0,0,0,0,0,0,1,0,0,0,0,0,0,0,0,0,0,0,1,0,0,0,0,0,0,0,0,0,0,0,1,0,0,0,0,0,0,0,0,0,0,0,1,0,0,1
108,28.03.2018 9:41:53,Хотел бы получить больше свободного времени,4.8,4.9,3.3,4.5,4.9,4.4,4.8,4.3,5.0,4.3,4.4,4.3,"Спортивных мероприятиях, Общественных мероприятиях",0,1,0,1,1,1,0,0,0,0,0,0,0,0,0,0,1,0,0,0,0,0,0,0,0,0,0,0,1,0,0,0,0,0,0,1,0,0,0,1,0,0,0,1,0,0,0,0,0,0,0,0,0,0,0,0,1,0,0,0,0,0,0,0,0,0,0,0,1,1,0,0,1,0,0,0,0,0,0,0,0,0,1,1
109,28.03.2018 9:42:00,Хотел бы получить больше свободного времени,4.1,3.6,5.0,4.8,4.0,4.9,4.1,3.7,5.0,4.7,4.8,4.2,Общественных мероприятиях,0,0,1,0,0,0,0,0,0,1,1,0,0,0,0,0,0,0,0,0,0,0,0,0,0,0,0,0,0,0,1,0,0,0,1,0,0,0,0,0,0,0,0,0,0,0,0,0,0,0,0,0,1,0,0,0,0,0,0,0,0,0,0,0,0,0,0,0,1,0,0,0,0,0,0,0,0,0,0,0,1,0,0,1
110,28.03.2018 9:46:59,Хотел бы получить больше свободного времени,4.2,4.5,3.6,3.6,4.0,4.0,4.3,4.1,4.5,3.6,3.4,4.0,Нигде,0,1,0,0,0,0,0,0,0,1,1,0,0,0,1,0,0,1,1,0,1,1,0,0,0,0,0,0,0,0,0,0,0,0,0,0,0,0,0,0,0,0,0,0,1,0,0,0,0,0,0,0,0,0,0,0,1,0,0,0,0,0,0,0,0,0,0,0,1,1,0,0,0,0,0,0,0,0,0,0,0,0,0,0
111,28.03.2018 9:48:36,Хотел бы получить больше свободного времени,5.0,4.4,4.4,4.2,4.6,5.0,4.5,4.7,4.8,4.7,4.8,4.5,Спортивных мероприятиях,0,1,1,0,0,0,0,0,0,0,0,0,1,1,0,0,0,0,0,0,0,0,0,0,0,0,0,0,0,1,0,0,0,1,0,0,0,0,0,0,1,0,1,0,0,0,0,0,0,0,0,0,0,0,0,0,1,0,0,0,0,0,0,0,0,0,0,0,1,1,0,0,0,0,0,0,0,0,1,0,0,0,1,0
112,28.03.2018 9:50:33,Никогда не стал бы учиться онлайн,3.2,4.0,4.2,4.9,4.7,4.9,3.8,3.9,4.9,4.7,4.3,4.3,Нигде,1,0,0,0,0,0,0,0,0,0,0,0,0,0,0,0,0,0,0,1,0,0,0,0,0,0,0,0,0,0,0,0,1,0,0,0,0,0,0,0,1,0,0,0,0,0,0,0,0,0,0,0,1,0,0,0,0,0,0,0,0,0,0,0,0,0,0,0,1,0,0,0,0,0,0,0,0,0,0,0,1,0,0,0
113,28.03.2018 9:50:37,Хотел бы получить больше свободного времени,4.7,4.8,4.2,4.0,3.4,2.8,3.2,4.0,4.0,4.7,4.8,4.7,Нигде,0,0,0,0,1,0,0,0,0,0,1,0,0,0,1,0,1,1,0,0,1,0,0,0,0,1,1,0,0,0,0,0,0,0,0,0,0,0,0,0,0,0,0,0,1,0,0,0,0,0,0,0,0,0,0,0,1,0,0,0,0,0,0,0,0,0,0,0,1,0,0,0,0,0,0,0,0,0,0,0,1,0,0,0
114,28.03.2018 9:52:03,Не люблю рано вставать,4.8,4.0,4.7,4.7,4.9,4.8,5.0,4.7,5.0,5.0,4.8,4.7,Спортивных мероприятиях,1,0,0,0,0,0,0,0,0,1,0,0,0,0,0,0,0,0,0,0,0,1,0,0,1,1,1,0,1,1,0,0,0,0,1,1,1,0,0,0,0,0,1,0,0,0,0,0,0,0,0,0,0,0,0,0,1,0,0,0,0,0,0,0,0,0,0,0,1,0,0,0,0,0,0,0,0,0,0,0,1,0,1,0
115,28.03.2018 9:56:30,Никогда не стал бы учиться онлайн,5.0,5.0,4.5,4.0,5.0,4.9,4.8,4.7,4.7,4.7,4.0,5.0,Волонтерском движении,1,0,0,0,0,0,0,0,0,0,0,0,0,0,0,0,1,0,0,0,0,0,0,0,0,0,0,0,0,0,0,0,1,1,1,0,1,0,0,0,1,1,1,0,0,1,1,0,1,0,0,0,1,1,1,0,0,0,0,0,0,0,0,0,0,0,0,0,1,1,1,0,0,0,0,0,1,0,0,0,0,1,0,0
116,28.03.2018 9:59:21,Недостаточный профессионализм учителей,3.7,4.1,5.0,4.9,4.4,4.3,4.0,4.9,4.7,4.8,4.8,4.7,Общественных мероприятиях,1,0,0,0,0,0,0,0,0,0,0,0,0,0,0,1,1,0,0,0,1,1,0,0,0,0,0,0,1,1,1,0,0,0,0,0,0,0,0,0,0,0,0,0,1,0,0,0,0,0,0,0,0,0,0,0,1,0,0,0,0,0,0,0,0,0,0,0,1,0,0,0,0,0,0,0,0,0,0,0,1,0,0,1
117,28.03.2018 10:11:26,Недостаточное качество или объем образовательной программы,3.3,3.7,4.5,4.8,4.1,4.4,3.2,3.1,4.5,3.9,3.5,4.3,"Спортивных мероприятиях, Общественных мероприятиях",0,0,0,1,0,0,0,0,0,0,0,0,0,1,0,1,1,0,0,0,0,0,1,0,0,0,0,0,1,0,1,0,0,0,1,0,0,0,0,0,0,0,0,0,0,0,0,0,0,0,0,0,0,0,0,0,1,0,0,0,0,0,0,0,0,0,0,0,1,0,0,0,0,0,0,0,0,0,0,0,1,0,1,1
118,28.03.2018 10:22:08,Хотел бы получить больше свободного времени,5.0,4.7,4.7,4.7,4.8,5.0,4.8,5.0,4.7,4.9,4.8,4.7,Нигде,1,1,1,0,0,0,0,0,0,1,1,0,0,0,1,0,1,0,0,0,0,0,0,0,0,0,0,0,0,0,0,0,1,1,1,0,1,0,0,0,1,0,1,0,0,0,1,0,0,0,0,0,1,0,0,0,0,0,0,0,0,0,0,0,0,0,0,0,0,1,1,0,0,0,0,0,1,0,1,0,0,0,0,0
119,28.03.2018 10:27:00,"Во-первых Я ненавижу рано вставать и ложиться. Во-вторых 95% учебного времени,это  пустая трата времени. Далее,освободилась бы куча времени для хобби и того,что действительно интересно. Большая часть предметов сама по себе бесполезна. Онлайн обучение лучше из-за того,что ты обучается в привычной для себя ""зоне комфорта"" и можно лишний раз не идти по морозу, дождю,грязи,окопов,противотанковых установок и т.д.;)",3.9,3.2,4.5,3.9,4.7,4.2,4.8,2.9,2.8,3.8,3.3,4.0,Спортивных мероприятиях,0,1,0,0,0,0,0,0,0,0,1,1,1,1,1,1,0,1,1,0,1,1,0,0,0,0,0,0,1,1,0,0,0,0,0,0,0,0,0,0,1,0,1,0,0,0,0,0,0,0,0,0,0,0,0,0,1,0,0,0,0,0,0,0,0,0,0,0,1,0,0,0,0,0,0,0,0,0,0,0,1,0,1,0
120,28.03.2018 10:31:49,"В школах немного устаревшее преподавание иностранного, трудно почувствовать разговорный",4.0,4.5,4.8,4.4,3.6,4.8,4.1,3.3,4.3,4.1,3.3,4.7,Общественных мероприятиях,0,0,1,0,0,0,0,0,0,0,0,0,0,0,0,0,0,0,0,1,0,0,0,0,0,0,0,0,1,0,0,0,0,0,1,0,1,0,0,0,1,0,0,0,0,0,0,0,0,0,0,0,0,0,0,0,1,0,0,0,0,0,0,0,0,0,0,0,1,0,0,0,0,0,0,0,0,0,0,0,1,0,0,1
121,28.03.2018 10:35:36,Никогда не стал бы учиться онлайн,4.1,4.1,4.3,4.3,4.3,4.8,4.5,4.0,3.4,4.5,4.7,4.7,"Волонтерском движении, Общественных мероприятиях",1,0,0,0,0,0,0,1,1,0,0,1,1,0,0,0,0,0,0,0,0,0,0,0,0,0,0,0,0,0,0,0,1,0,0,1,0,0,0,1,1,0,0,0,0,0,0,0,0,0,0,0,0,0,0,0,1,0,0,0,0,0,0,0,0,0,0,0,1,0,0,0,0,0,0,0,1,0,0,0,0,1,0,1
122,28.03.2018 10:41:25,Хотел бы получить больше свободного времени,4.8,4.8,4.7,4.5,4.7,4.0,4.9,4.8,4.8,4.7,4.7,4.6,Спортивных мероприятиях,0,0,0,0,0,0,1,0,0,1,0,0,0,1,1,0,1,0,0,0,1,0,0,0,1,0,0,0,1,0,0,0,0,1,1,0,1,0,0,0,0,0,0,0,0,0,0,0,0,0,0,0,0,0,0,0,1,0,0,0,0,0,0,0,0,0,0,0,1,0,0,0,0,0,0,0,0,0,0,0,1,0,1,0
123,28.03.2018 10:46:11,Недостаточный профессионализм учителей,4.4,4.0,4.8,5.0,4.3,5.0,4.2,4.7,4.7,4.8,5.0,4.7,"Волонтерском движении, Спортивных мероприятиях, Общественных мероприятиях",0,0,0,0,0,0,1,0,0,0,0,0,0,0,0,0,0,0,0,1,0,0,0,0,0,0,1,0,0,0,0,0,0,0,0,1,0,0,0,0,1,0,0,0,0,0,1,0,0,0,0,0,0,0,0,0,0,0,0,0,0,0,0,0,0,0,0,0,1,1,1,1,0,1,0,0,1,0,0,0,0,1,1,1
124,28.03.2018 10:55:07,Чтобы получить больший балл на ЕГЭ,5.0,4.8,4.9,4.9,5.0,4.7,4.8,4.9,4.8,4.8,4.8,4.9,"Волонтерском движении, Общественных мероприятиях",1,0,0,0,0,0,0,0,0,0,0,0,0,0,1,0,0,1,1,0,0,0,1,0,0,0,0,0,1,0,0,0,0,0,1,1,0,0,0,0,0,0,0,0,0,0,1,1,0,0,0,0,0,0,0,0,0,0,1,1,0,0,0,0,0,0,0,0,0,0,1,1,0,0,0,0,0,0,0,0,0,1,0,1
125,28.03.2018 10:57:02,Недостаточный профессионализм учителей,4.7,4.9,4.0,4.8,4.6,4.6,4.9,5.0,4.7,5.0,4.9,4.9,Общественных мероприятиях,0,0,1,0,0,0,0,0,0,0,0,0,0,0,1,0,0,1,1,0,0,0,0,0,0,0,0,0,0,0,0,0,1,1,1,0,0,0,0,0,0,0,1,0,0,1,0,0,0,0,0,0,0,0,1,0,0,1,0,0,0,0,0,0,0,0,0,0,0,0,0,0,0,0,0,0,0,0,0,0,1,0,0,1
126,28.03.2018 11:01:37,Недостаточный профессионализм учителей,4.9,4.7,4.7,4.9,4.7,5.0,4.8,4.0,4.5,4.7,4.4,5.0,"Спортивных мероприятиях, Общественных мероприятиях, Культурно-массовых мероприятиях",0,0,1,0,0,0,0,0,0,0,0,0,1,0,0,0,1,0,0,0,0,0,0,1,0,0,0,0,0,0,1,1,0,1,1,1,1,0,0,0,1,0,0,0,0,0,0,0,0,0,0,0,1,0,0,0,0,0,0,0,0,0,0,0,0,0,0,0,1,1,1,1,1,0,0,0,1,0,1,0,0,0,1,1
127,28.03.2018 11:05:42,"я не стала бы учиться онлайн, потому что это все очень сомнительно и неудачественно в наше время сделано, ",4.1,4.6,4.4,4.1,4.6,4.4,3.6,3.7,4.1,4.4,4.1,4.1,Общественных мероприятиях,1,0,0,0,0,0,0,0,0,0,0,0,0,0,1,0,0,0,0,0,0,0,0,0,0,0,0,0,0,0,0,0,1,0,0,0,0,0,0,0,0,0,0,0,1,0,0,0,0,0,0,0,0,0,0,0,1,0,0,0,0,0,0,0,0,0,0,0,1,0,0,0,0,0,0,0,0,0,0,0,1,0,0,1
128,28.03.2018 11:13:47,Хотел бы получить больше свободного времени,3.1,2.7,3.7,3.5,3.5,4.7,3.1,2.7,3.2,3.7,3.5,4.0,Общественных мероприятиях,1,0,0,0,0,0,0,0,0,0,0,1,1,1,1,0,0,0,0,0,0,0,1,1,0,0,0,0,1,1,0,0,0,0,0,0,0,0,0,0,1,0,0,0,0,0,0,0,0,0,0,0,1,0,0,0,0,0,0,0,0,0,0,0,1,0,0,0,0,0,0,0,0,0,0,0,1,0,0,0,0,0,0,1
129,28.03.2018 11:16:13,Недостаточное качество или объем образовательной программы,4.8,3.6,4.9,4.9,4.3,4.9,4.8,4.0,4.0,4.1,4.7,5.0,Общественных мероприятиях,1,0,0,0,0,0,0,0,0,0,0,0,0,1,1,0,0,0,0,0,0,0,0,1,0,0,0,0,0,0,1,0,0,0,1,1,0,0,0,0,1,0,0,0,0,0,1,1,0,0,0,0,0,0,0,0,0,0,0,0,0,0,0,0,0,0,0,0,1,0,1,1,0,0,0,0,1,0,1,0,0,0,0,1
130,28.03.2018 11:16:33,Хотел бы получить больше свободного времени,3.9,4.0,4.9,4.9,4.1,4.8,3.1,3.2,3.6,4.2,4.4,4.3,Общественных мероприятиях,1,0,0,0,0,0,1,0,0,0,0,1,1,1,0,0,1,1,1,0,0,0,1,0,0,0,0,0,1,0,0,0,0,0,1,1,0,0,0,0,1,0,0,0,0,0,0,0,0,0,0,0,0,0,0,0,1,0,0,0,0,0,0,0,0,0,0,0,1,0,0,1,0,0,0,0,0,0,0,0,0,0,0,1
131,28.03.2018 11:16:49,Недостаточное качество или объем образовательной программы,4.7,4.6,5.0,4.7,4.8,5.0,4.2,4.5,4.5,5.0,4.6,4.7,Общественных мероприятиях,1,0,0,0,0,0,0,0,0,0,0,0,1,1,1,1,1,1,1,0,0,0,0,1,0,0,0,0,1,0,0,0,0,0,0,1,0,0,0,0,0,0,0,0,0,0,0,1,0,0,0,0,0,0,0,0,0,0,0,0,0,0,0,0,0,0,0,0,1,0,0,0,0,0,0,0,0,0,0,0,1,0,0,1
132,28.03.2018 11:19:53,Хотел бы получить больше свободного времени,3.1,3.8,5.0,4.7,4.8,4.8,4.7,4.7,4.7,4.7,4.9,5.0,Общественных мероприятиях,1,0,0,0,0,0,0,1,1,0,0,0,0,0,0,0,0,0,0,0,0,0,0,0,0,0,0,0,0,0,0,1,0,0,0,0,0,0,0,0,0,0,1,0,0,0,0,0,0,0,0,0,0,0,1,0,0,0,0,0,0,0,0,0,0,0,0,0,1,0,1,1,0,0,0,0,1,0,1,1,0,0,0,1
133,28.03.2018 11:20:10,Недостаточное качество или объем образовательной программы,3.3,3.5,4.8,5.0,4.6,4.4,4.5,3.3,5.0,4.9,4.8,4.0,Общественных мероприятиях,1,0,0,0,0,0,0,1,1,0,0,0,0,0,0,0,1,0,0,0,0,0,0,0,0,0,0,0,0,0,0,0,1,0,1,1,0,0,0,0,0,0,1,0,0,0,1,1,0,0,0,0,0,0,0,0,0,0,0,1,0,0,0,0,0,0,0,0,0,0,1,1,0,0,0,0,0,0,1,0,0,0,0,1
134,28.03.2018 11:21:04,Недостаточное качество или объем образовательной программы,4.8,4.9,4.9,4.9,5.0,4.7,4.8,4.9,4.9,4.8,5.0,4.8,"Спортивных мероприятиях, Общественных мероприятиях",0,0,1,0,0,0,0,0,0,0,1,0,0,0,0,0,1,0,1,0,1,0,1,0,0,0,0,0,1,0,0,0,0,0,1,0,0,0,0,0,1,0,1,0,0,0,0,0,0,0,0,0,1,0,0,0,0,0,0,0,0,0,0,0,1,0,0,0,0,0,0,0,0,0,0,0,1,0,0,0,0,0,1,1
135,28.03.2018 11:21:29,Никогда не стал бы учиться онлайн,5.0,4.9,4.0,4.2,4.0,4.2,4.7,4.9,4.4,4.0,4.3,4.7,"Спортивных мероприятиях, Общественных мероприятиях",0,0,0,0,0,0,1,0,0,0,1,0,0,0,0,0,0,1,1,0,0,0,0,0,0,0,0,0,0,0,0,0,1,0,0,0,1,1,0,0,0,1,0,0,0,0,0,0,0,0,0,0,0,0,0,0,1,0,0,0,0,0,0,0,0,0,0,0,1,1,0,0,1,0,0,0,0,1,0,0,0,0,1,1
136,28.03.2018 11:21:51,Недостаточный профессионализм учителей,4.4,4.3,3.8,3.6,4.6,4.8,4.7,4.0,4.8,4.8,4.7,4.8,Общественных мероприятиях,0,0,1,0,0,0,0,0,0,0,1,0,0,0,0,0,1,1,0,0,1,1,0,1,0,0,0,1,0,1,1,0,0,0,0,0,0,0,0,0,0,0,0,0,1,0,0,0,0,0,0,0,0,0,0,0,1,0,0,0,0,0,0,0,0,0,0,0,1,0,0,0,0,0,0,0,0,0,0,0,1,0,0,1
137,28.03.2018 11:22:54,Чтобы получить больший балл на ЕГЭ,4.3,4.0,4.8,4.8,4.8,4.2,4.9,4.2,4.8,4.8,4.4,4.8,Общественных мероприятиях,1,0,0,0,0,0,0,1,1,0,0,0,0,1,0,0,0,1,0,0,0,0,0,1,0,0,0,0,1,0,0,1,0,0,1,0,0,0,0,0,0,0,0,0,0,0,0,0,0,0,0,0,0,0,0,0,1,0,0,0,0,0,0,0,0,0,0,0,1,0,0,0,0,0,0,0,0,0,0,0,1,0,0,1
138,28.03.2018 11:23:31,Чтобы получить больший балл на ЕГЭ,3.6,3.2,3.8,3.7,4.3,4.1,3.9,3.3,5.0,4.7,4.6,3.7,"Волонтерском движении, Спортивных мероприятиях, Общественных мероприятиях",0,0,1,0,0,1,1,0,0,0,0,0,1,1,0,0,1,0,0,0,1,1,0,0,1,0,0,0,0,0,0,0,0,1,1,0,0,0,0,0,1,0,0,0,0,0,0,0,0,0,0,0,1,0,0,0,0,0,0,0,0,0,0,0,0,0,0,0,1,0,0,0,0,0,0,0,0,0,0,0,1,1,1,1
139,28.03.2018 11:25:02,Не люблю рано вставать,3.3,3.6,4.0,4.3,4.5,4.4,3.3,3.9,4.5,4.1,3.7,4.7,"Волонтерском движении, Спортивных мероприятиях, Общественных мероприятиях",0,0,1,0,0,0,0,0,0,0,0,0,0,0,0,0,0,0,0,1,1,0,0,1,1,0,0,0,1,1,0,0,0,0,0,0,0,0,0,0,0,0,0,0,1,0,0,0,0,0,0,0,0,0,0,0,1,0,0,0,0,0,0,0,0,0,0,0,1,0,0,0,0,0,0,0,0,0,0,0,1,1,1,1
140,28.03.2018 11:24:55,Хотел бы получить больше свободного времени,4.8,3.6,4.8,4.4,4.2,4.8,4.5,4.3,4.3,5.0,4.4,3.8,Общественных мероприятиях,0,0,1,0,0,0,0,0,0,0,0,0,0,1,1,0,0,0,1,0,0,0,0,0,0,0,0,0,0,0,0,0,1,0,0,0,0,0,0,0,0,0,0,0,1,0,0,0,0,0,0,0,1,0,0,0,0,0,0,0,0,0,0,0,0,0,0,0,1,0,0,0,0,0,0,0,0,0,0,0,1,0,0,1
141,28.03.2018 11:27:39,Недостаточное качество или объем образовательной программы,4.1,4.1,4.9,4.7,4.1,4.9,4.1,3.2,4.1,4.4,4.1,4.7,"Волонтерском движении, Спортивных мероприятиях, Общественных мероприятиях",0,0,1,0,0,0,0,0,0,0,0,0,0,0,0,0,0,0,0,1,0,0,0,0,0,0,0,0,0,0,0,0,1,1,1,1,0,0,1,0,1,0,0,0,0,0,0,0,0,0,0,0,0,0,0,0,1,0,0,0,0,0,0,0,0,0,0,0,1,0,0,0,0,0,0,0,0,0,0,0,1,1,1,1
142,28.03.2018 11:27:46,Никогда не стал бы учиться онлайн,4.8,5.0,4.8,4.8,4.9,4.9,4.1,4.3,5.0,4.9,4.7,4.7,"Волонтерском движении, Спортивных мероприятиях, Общественных мероприятиях",0,0,0,1,0,0,0,0,0,0,0,1,1,0,0,0,0,0,0,0,0,0,0,0,0,0,0,0,0,1,0,0,0,1,1,0,0,0,0,0,1,0,0,0,0,1,1,1,0,0,1,0,1,0,0,1,0,0,0,0,0,0,0,0,1,0,0,0,0,0,0,0,0,0,0,0,0,0,0,0,1,1,1,1
143,28.03.2018 11:29:50,Никогда не стал бы учиться онлайн,3.2,4.3,4.1,4.2,4.4,4.6,3.4,3.4,4.9,4.5,4.3,4.3,Спортивных мероприятиях,1,0,0,0,0,0,0,0,0,0,0,0,1,0,0,0,0,0,0,0,0,0,0,0,0,0,0,0,0,0,0,0,1,0,0,1,0,0,0,0,0,0,0,0,0,0,0,1,0,0,0,0,0,0,0,0,0,0,0,0,0,0,0,0,0,0,0,0,1,0,0,0,0,0,0,0,0,0,0,0,1,0,1,0
144,28.03.2018 11:30:01,Недостаточный профессионализм учителей,3.4,4.8,4.1,4.0,4.2,4.8,4.1,3.8,4.2,4.5,4.2,4.8,Общественных мероприятиях,0,1,0,0,0,0,1,0,0,1,1,0,0,0,1,1,0,1,1,0,1,1,0,0,1,1,0,0,0,1,0,0,0,0,0,0,0,0,0,0,0,0,0,0,1,0,0,0,0,0,0,0,0,0,0,0,1,0,0,0,0,0,0,0,0,0,0,0,1,0,0,0,0,0,0,0,0,0,0,0,1,0,0,1
145,28.03.2018 11:34:53,Никогда не стал бы учиться онлайн,4.7,4.7,4.0,4.0,4.5,4.8,4.0,3.6,4.0,4.5,4.3,4.7,"Волонтерском движении, Спортивных мероприятиях, Общественных мероприятиях",0,0,0,0,0,1,0,0,0,0,0,0,0,0,1,0,0,1,1,0,0,0,0,0,0,0,0,0,0,0,0,0,1,0,0,0,0,0,0,0,0,0,0,0,1,0,0,0,0,0,0,0,0,0,0,0,1,0,0,0,0,0,0,0,0,0,0,0,1,0,0,0,0,0,0,0,0,0,0,0,1,1,1,1
146,28.03.2018 11:43:41,Хотел бы получить больше свободного времени,4.7,3.5,4.9,4.9,4.9,4.9,4.2,3.3,4.7,5.0,4.6,5.0,"Волонтерском движении, Спортивных мероприятиях, Общественных мероприятиях",1,0,0,0,0,0,0,0,0,0,0,0,0,0,0,0,0,0,0,1,0,0,0,0,0,0,0,1,0,0,0,0,0,0,1,0,0,0,0,0,0,0,1,0,0,0,1,0,0,0,0,0,0,0,1,0,0,0,0,0,0,0,0,0,0,0,0,0,1,0,0,0,0,0,0,0,0,0,0,0,0,1,1,1
147,28.03.2018 11:43:51,Недостаточный профессионализм учителей,3.8,4.0,4.7,4.8,4.8,4.8,3.4,4.0,4.4,4.7,4.7,4.8,"Волонтерском движении, Общественных мероприятиях",1,0,0,0,0,0,0,1,1,0,0,1,1,0,0,0,1,0,0,0,0,0,0,0,0,0,0,0,1,0,0,1,0,0,0,1,0,0,0,0,1,0,1,0,0,0,0,0,0,0,0,0,1,0,0,0,0,0,0,0,0,0,0,0,0,0,0,0,1,0,0,0,0,0,0,0,1,0,0,0,0,1,0,1
148,28.03.2018 11:45:47,Хотел бы получить больше свободного времени,3.4,3.9,3.9,4.0,4.2,5.0,4.2,4.7,4.0,4.1,5.0,5.0,Общественных мероприятиях,1,0,0,0,0,0,0,0,0,0,1,0,0,0,0,0,0,1,1,0,0,0,0,0,0,0,0,0,0,0,0,0,1,0,0,0,0,0,0,0,0,0,0,0,1,0,0,0,0,0,0,0,0,0,0,0,1,0,0,0,0,0,0,0,0,0,0,0,1,0,0,0,0,0,0,0,0,0,0,0,1,0,0,1
149,28.03.2018 11:59:33,Чтобы получить больший балл на ЕГЭ,4.7,4.7,4.7,4.2,4.1,4.9,4.6,4.1,4.7,4.7,4.1,4.9,Общественных мероприятиях,0,0,1,0,0,0,0,0,0,0,0,0,1,1,0,0,0,0,1,0,1,1,1,1,0,0,0,0,0,0,1,0,0,1,1,0,0,0,0,0,0,0,1,0,0,0,0,0,0,0,0,0,0,0,0,0,1,0,0,0,0,0,0,0,0,0,0,0,1,0,1,0,0,0,0,0,1,0,0,0,0,0,0,1
150,28.03.2018 12:21:06,Не люблю рано вставать,3.5,4.5,4.3,4.8,4.6,4.7,4.5,4.4,4.0,4.8,4.3,5.0,"Волонтерском движении, Спортивных мероприятиях, Общественных мероприятиях",1,0,0,0,0,0,0,0,0,0,1,0,0,1,0,0,1,0,0,0,0,0,1,1,0,0,0,0,0,0,1,1,0,1,1,1,0,0,1,1,0,0,1,0,0,0,1,1,0,0,1,0,0,0,0,0,0,1,0,0,0,0,0,0,0,0,0,0,0,0,0,0,0,0,0,0,0,0,0,0,1,1,1,1
151,28.03.2018 12:26:07,Хотел бы получить больше свободного времени,4.3,4.2,4.7,4.8,4.1,4.8,4.0,4.4,4.7,4.8,4.2,4.6,Общественных мероприятиях,1,0,0,0,0,0,0,0,0,0,0,1,1,1,0,0,0,0,0,0,0,1,1,1,0,0,0,0,0,0,0,0,0,0,1,0,0,0,0,0,1,0,1,0,0,0,0,0,0,0,0,0,1,0,1,0,0,0,0,0,0,0,0,0,0,0,0,0,1,0,0,0,0,0,0,0,1,0,0,0,0,0,0,1
152,28.03.2018 12:44:27,Хотел бы получить больше свободного времени,4.8,4.8,4.8,5.0,4.9,4.5,4.0,4.8,5.0,4.7,4.7,4.9,Общественных мероприятиях,0,0,0,1,0,0,0,0,0,0,1,0,0,1,1,0,0,1,1,0,1,1,0,0,1,0,0,0,0,0,0,0,0,1,0,1,0,0,0,0,0,0,0,1,0,0,0,0,0,0,0,0,0,0,0,0,1,0,0,0,0,0,0,0,0,0,0,0,1,0,0,0,0,0,0,0,0,0,0,0,1,0,0,1
153,28.03.2018 12:46:19,Хотел бы получить больше свободного времени,3.4,3.7,4.3,5.0,4.5,4.8,3.3,3.8,4.8,4.1,4.5,4.1,"Спортивных мероприятиях, Общественных мероприятиях",1,0,0,0,0,0,0,0,0,0,0,1,1,0,0,0,1,0,0,0,0,0,0,1,0,0,0,0,1,0,0,1,0,0,1,1,0,0,0,0,1,0,0,0,0,0,0,0,0,0,0,0,1,0,0,0,0,0,0,0,0,0,0,0,0,0,0,0,1,0,0,1,0,0,0,0,0,0,0,0,0,0,1,1
154,28.03.2018 12:53:36,Хотел бы получить больше свободного времени,4.3,4.5,4.8,5.0,4.3,4.1,4.4,4.1,4.0,4.9,4.1,4.0,Общественных мероприятиях,1,0,0,0,0,0,0,0,1,0,0,1,1,0,0,0,0,0,0,0,0,0,0,1,0,0,0,0,1,0,0,1,0,0,1,1,0,0,0,1,1,0,1,0,0,0,0,0,0,0,0,0,0,0,0,0,1,0,0,0,0,0,0,0,0,0,0,0,1,0,1,1,0,0,0,1,1,0,0,0,0,0,0,1
155,28.03.2018 13:09:27,Недостаточный профессионализм учителей,4.4,4.4,3.8,4.8,4.5,4.6,4.0,4.3,3.2,4.4,4.4,3.3,"Волонтерском движении, Спортивных мероприятиях, Общественных мероприятиях",0,0,1,0,0,0,0,0,0,0,0,0,0,1,1,0,0,1,1,0,0,0,0,0,0,0,0,0,0,0,0,0,1,0,0,0,0,0,0,0,0,0,0,0,1,0,0,0,0,0,0,0,0,0,0,0,1,0,0,0,0,0,0,0,0,0,0,0,1,0,0,0,0,0,0,0,0,0,0,0,1,1,1,1
156,28.03.2018 13:12:06,Никогда не стал бы учиться онлайн,4.8,4.7,4.7,4.7,5.0,4.8,4.9,4.9,4.9,4.7,4.8,4.9,"Спортивных мероприятиях, Общественных мероприятиях",0,0,1,0,0,0,0,0,0,0,0,0,0,0,0,0,0,0,0,1,0,0,0,0,0,0,0,0,0,0,0,0,1,1,1,0,0,0,0,0,1,0,1,0,0,0,1,0,0,0,0,0,0,0,0,0,0,0,0,0,0,0,0,0,0,0,0,0,1,0,1,0,0,0,0,0,0,0,0,0,0,0,1,1
157,28.03.2018 13:19:58,Недостаточный профессионализм учителей,4.3,4.7,4.7,4.4,4.4,3.2,4.6,3.8,4.3,4.1,4.5,5.0,"Спортивных мероприятиях, Общественных мероприятиях",1,1,0,0,0,0,0,1,1,0,0,1,1,1,1,0,1,0,0,0,1,0,1,1,1,0,0,1,1,1,1,1,0,0,0,0,0,0,0,0,0,0,0,0,1,0,0,0,0,0,0,0,0,0,0,0,1,0,0,0,0,0,0,0,0,0,0,0,1,0,0,0,0,0,0,0,0,0,0,0,1,0,1,1
158,28.03.2018 13:25:05,Хотел бы получить больше свободного времени,4.8,4.5,3.6,4.7,4.6,3.9,4.8,5.0,3.5,4.7,4.5,4.2,Общественных мероприятиях,0,0,0,1,0,0,0,0,0,0,0,0,0,0,0,0,0,0,0,0,1,0,0,0,1,0,0,0,1,0,0,0,0,0,0,1,1,0,0,0,0,0,0,0,0,0,0,0,0,0,0,0,0,0,0,0,1,0,0,0,0,0,0,0,0,0,0,0,1,0,0,0,0,0,0,0,0,0,0,0,1,0,0,1
159,28.03.2018 13:28:07,Никогда не стал бы учиться онлайн,4.6,4.4,4.5,4.4,4.8,4.9,5.0,4.9,4.7,4.9,5.0,4.8,"Спортивных мероприятиях, Общественных мероприятиях",1,0,0,0,0,1,0,0,0,0,0,1,0,1,1,0,1,0,0,0,1,1,1,0,0,1,0,0,1,0,0,0,0,0,1,0,0,1,0,0,0,0,0,0,0,0,0,0,0,0,0,0,0,0,0,0,1,0,0,0,0,0,0,0,0,0,0,0,1,0,0,0,0,0,0,0,0,0,0,0,1,0,1,1
160,28.03.2018 14:06:49,Недостаточное качество или объем образовательной программы,4.9,4.8,4.8,5.0,4.2,4.2,4.6,4.7,5.0,4.7,4.8,4.9,"Спортивных мероприятиях, Общественных мероприятиях",0,0,0,0,0,1,0,0,0,0,1,0,0,0,0,0,0,1,0,0,0,0,0,0,0,0,1,0,1,1,0,0,0,0,0,0,0,0,1,0,0,0,0,0,0,1,0,0,0,1,1,0,0,0,0,0,0,1,0,0,0,1,1,0,0,0,0,0,0,1,1,0,1,1,1,0,0,0,0,0,0,0,1,1
161,28.03.2018 14:10:00,Никогда не стал бы учиться онлайн,4.3,4.0,4.0,4.0,4.7,3.2,4.7,4.0,4.7,4.6,4.4,4.5,"Спортивных мероприятиях, Общественных мероприятиях",0,0,0,0,0,0,1,1,1,1,1,1,1,1,1,1,1,1,1,0,1,1,0,0,1,0,0,0,1,0,0,0,0,0,0,0,0,0,0,0,0,0,0,0,1,0,0,0,0,0,0,0,0,0,0,0,1,0,0,0,0,0,0,0,0,0,0,0,1,0,0,0,0,0,0,0,0,0,0,0,1,0,1,1
162,28.03.2018 15:55:31,Недостаточное качество или объем образовательной программы,4.2,4.1,3.9,4.7,4.8,4.8,4.4,5.0,4.9,4.4,5.0,4.9,"Волонтерском движении, Спортивных мероприятиях, Общественных мероприятиях",0,0,0,0,0,1,0,0,0,0,1,0,0,0,1,1,1,0,0,0,0,0,0,1,0,0,0,1,1,1,0,1,0,0,0,0,0,0,0,1,0,0,0,0,0,0,0,0,0,0,0,0,0,0,0,0,1,0,0,0,0,0,0,0,0,0,0,0,1,0,0,0,1,0,0,1,0,0,0,0,0,1,1,1
163,28.03.2018 16:16:11,Не люблю рано вставать,4.3,4.2,3.6,3.3,3.9,5.0,2.7,2.7,3.2,3.2,3.7,4.6,"Спортивных мероприятиях, Общественных мероприятиях",1,0,0,0,0,0,0,0,0,0,0,0,0,0,0,0,0,0,0,1,0,0,0,0,0,0,0,0,0,0,0,0,1,1,0,0,0,0,0,0,0,0,0,0,0,1,0,0,0,0,0,0,0,0,0,0,0,0,0,0,0,0,0,0,0,0,0,0,1,0,0,0,0,0,0,0,0,0,0,0,1,0,1,1
164,28.03.2018 16:20:00,Недостаточное качество или объем образовательной программы,4.4,4.9,4.9,4.7,4.0,4.8,3.5,4.0,4.9,4.5,4.7,4.9,"Волонтерском движении, Спортивных мероприятиях",0,0,0,0,0,0,1,0,0,0,1,0,0,0,1,0,0,0,1,0,1,0,0,0,1,0,0,0,0,0,0,0,0,0,0,0,0,0,0,0,0,0,0,0,1,0,0,0,0,0,0,0,0,0,0,0,1,0,0,0,0,0,0,0,0,0,0,0,1,0,0,0,0,0,0,0,0,0,0,0,1,1,1,0
165,28.03.2018 16:26:10,Недостаточный профессионализм учителей,4.2,4.1,4.6,5.0,4.9,4.9,5.0,4.0,4.7,5.0,4.2,4.8,Общественных мероприятиях,0,0,0,0,0,0,1,0,0,0,0,0,0,0,0,0,0,0,0,0,0,0,0,0,1,1,0,0,0,1,0,0,0,1,1,0,1,0,0,0,0,0,0,0,0,0,0,0,0,0,0,0,0,0,0,0,1,0,0,0,0,0,0,0,0,0,0,0,1,1,0,0,1,0,0,0,0,0,0,0,0,0,0,1
166,28.03.2018 16:45:56,Недостаточное качество или объем образовательной программы,4.4,4.1,3.4,4.7,5.0,3.8,4.4,3.5,4.4,4.9,4.2,4.7,"Волонтерском движении, Спортивных мероприятиях, Общественных мероприятиях",0,0,0,1,0,0,0,0,0,0,0,0,0,0,1,0,0,0,1,0,0,0,0,0,0,0,0,0,0,0,0,0,1,1,1,0,0,0,0,0,0,0,1,0,0,1,1,0,0,0,0,0,0,0,0,0,0,0,0,0,0,0,0,0,0,0,0,0,1,0,0,0,0,0,0,0,0,0,0,0,1,1,1,1
167,28.03.2018 16:57:18,Не люблю рано вставать,4.9,4.9,4.7,4.7,5.0,5.0,5.0,5.0,5.0,4.8,4.8,4.8,"Волонтерском движении, Общественных мероприятиях",0,0,0,1,0,0,0,0,0,0,0,0,0,1,0,0,1,1,1,0,0,0,1,0,0,0,0,0,1,0,0,0,0,0,0,0,0,0,0,0,0,0,0,0,1,0,0,0,0,0,0,0,0,0,0,0,1,0,0,0,0,0,0,0,0,0,0,0,1,1,0,0,0,0,0,0,0,0,0,0,0,1,0,1
168,28.03.2018 17:01:29,Хотел бы получить больше свободного времени,3.5,3.7,4.5,4.3,4.3,3.4,3.2,3.3,4.6,4.3,4.7,4.0,"Спортивных мероприятиях, Общественных мероприятиях",0,0,0,0,0,0,1,0,0,0,0,0,0,0,0,0,0,0,0,0,0,1,0,0,1,0,0,0,0,1,0,0,0,0,0,0,0,0,0,0,0,0,0,0,1,0,0,0,0,0,0,0,0,0,0,0,1,0,0,0,0,0,0,0,0,0,0,0,1,0,0,0,0,0,0,0,0,0,0,0,1,0,1,1
169,28.03.2018 17:01:40,Никогда не стал бы учиться онлайн,4.0,3.3,4.4,4.2,3.1,3.2,3.2,2.9,2.7,4.5,4.4,3.4,"Волонтерском движении, Спортивных мероприятиях, Общественных мероприятиях",1,0,0,0,0,0,0,0,0,0,0,0,0,0,0,0,0,0,0,1,0,0,0,0,0,0,0,0,0,0,0,0,1,0,0,0,0,0,1,0,0,0,1,0,0,0,0,0,0,0,1,0,0,0,1,0,0,0,0,0,0,0,0,0,0,0,0,0,1,0,0,0,0,0,0,0,0,0,1,1,0,1,1,1
170,28.03.2018 17:02:56,Недостаточный профессионализм учителей,3.6,4.8,4.1,4.8,5.0,3.4,3.6,3.2,4.8,4.1,4.1,4.4,"Спортивных мероприятиях, Общественных мероприятиях",0,0,0,0,0,0,1,0,0,0,0,0,0,0,0,0,0,0,0,1,0,0,0,0,1,0,0,0,0,0,0,0,0,0,0,0,0,0,0,0,0,0,0,0,1,0,0,0,0,0,0,0,0,0,0,0,1,0,0,0,0,0,0,0,0,0,0,0,1,0,0,0,0,0,0,0,0,0,0,0,1,0,1,1
171,28.03.2018 17:10:39,Никогда не стал бы учиться онлайн,4.1,4.2,3.9,4.3,4.2,4.8,4.2,3.8,4.1,4.3,3.3,4.7,Нигде,0,0,0,0,0,1,0,0,0,0,0,0,0,0,0,0,0,0,0,1,0,0,0,0,0,0,0,0,0,0,0,0,1,1,0,0,1,0,0,0,1,0,0,0,0,0,0,0,0,0,0,0,0,0,0,0,1,0,0,0,0,0,0,0,0,0,0,0,1,1,0,0,1,0,0,0,0,0,0,0,0,0,0,0
172,28.03.2018 17:14:45,Недостаточное качество или объем образовательной программы,4.7,4.9,5.0,4.8,5.0,4.8,4.9,5.0,4.7,4.8,4.7,4.9,"Спортивных мероприятиях, Общественных мероприятиях",1,0,0,0,0,0,0,0,0,0,1,0,0,1,1,0,0,0,0,0,0,0,0,0,0,0,0,0,1,1,0,0,0,0,1,1,0,0,0,1,1,0,1,1,0,0,0,0,0,0,0,0,0,0,0,1,0,0,0,0,0,0,0,0,0,0,0,0,0,0,0,0,0,0,0,0,0,0,0,0,1,0,1,1
173,28.03.2018 17:32:29,"Ответственность за образовательный процесс ложится на меня, а не размазывается между учебной группой и преподавателями.",4.7,5.0,4.8,4.9,5.0,4.9,4.9,5.0,4.8,5.0,5.0,4.8,Нигде,0,1,1,0,0,0,0,0,0,0,0,1,1,1,1,1,1,0,0,0,0,0,0,0,0,0,0,0,0,1,0,0,0,1,1,0,0,0,1,1,1,1,1,0,0,1,0,0,0,0,0,1,0,0,0,0,0,0,0,0,0,0,0,1,0,0,0,0,0,1,0,0,0,0,0,0,0,1,1,0,0,0,0,0
174,28.03.2018 17:33:34,Хотел бы получить больше свободного времени,4.8,4.2,4.2,4.5,3.9,4.5,4.7,4.6,3.4,4.1,4.7,4.4,Нигде,0,1,0,0,0,0,0,0,0,0,0,0,0,0,1,0,0,0,0,0,1,1,0,0,0,0,0,0,0,1,0,0,0,1,1,1,0,0,0,0,1,0,0,0,0,0,1,0,0,0,0,0,0,0,0,0,0,0,1,0,0,0,0,0,0,0,0,0,0,0,1,0,0,0,0,0,1,0,0,0,0,0,0,0
175,28.03.2018 17:55:56,Хотел бы получить больше свободного времени,3.8,4.0,4.0,4.8,4.7,4.8,3.7,3.5,4.3,4.5,4.0,4.4,"Спортивных мероприятиях, Общественных мероприятиях",0,0,0,1,0,0,0,0,0,0,0,0,0,0,0,0,1,0,0,0,0,0,0,0,0,0,0,0,0,0,0,0,1,0,1,1,0,0,0,1,1,0,1,1,0,0,0,0,0,0,0,0,0,0,0,0,1,0,0,0,0,0,0,0,0,0,0,0,1,1,1,0,0,0,0,0,0,0,1,0,0,0,1,1
176,28.03.2018 18:16:53,Недостаточный профессионализм учителей,4.9,4.7,5.0,4.9,4.9,4.8,4.9,4.7,4.8,5.0,5.0,5.0,Спортивных мероприятиях,0,0,1,0,0,0,0,0,0,0,0,0,0,0,0,0,1,0,0,0,0,0,0,0,0,0,0,0,0,0,1,0,0,1,1,0,1,0,0,0,1,0,1,0,0,0,0,0,0,0,0,0,1,0,0,0,0,0,0,0,0,0,0,0,0,0,0,0,1,0,1,0,0,0,0,0,1,0,1,0,0,0,1,0
177,28.03.2018 18:30:40,Хотел бы получить больше свободного времени,4.8,4.9,4.8,5.0,4.0,4.3,5.0,4.7,5.0,4.5,4.8,5.0,Общественных мероприятиях,0,1,0,0,0,0,0,0,0,0,0,0,0,1,1,0,0,1,1,0,0,0,0,0,0,0,0,0,0,0,0,0,1,0,1,0,1,0,0,0,0,0,0,0,0,0,0,0,0,0,0,0,0,0,0,0,1,0,0,0,0,0,0,0,0,0,0,0,1,0,0,0,0,0,0,0,0,0,0,0,1,0,0,1
178,28.03.2018 19:14:45,Не люблю рано вставать,3.2,4.1,4.6,4.6,4.4,4.8,3.4,4.1,4.8,4.0,4.0,5.0,Нигде,1,0,0,0,0,0,0,0,0,0,1,0,0,0,1,0,1,0,0,0,0,0,0,0,0,0,0,0,1,0,1,1,0,0,0,0,0,0,0,0,0,0,0,0,1,0,0,0,0,0,0,0,0,0,0,0,1,0,0,0,0,0,0,0,0,0,0,0,1,0,0,0,0,0,0,0,0,0,0,0,1,0,0,0
179,28.03.2018 19:48:34,Никогда не стал бы учиться онлайн,4.3,4.4,4.8,4.8,3.3,4.8,4.5,5.0,5.0,4.7,4.0,4.1,городские конкурсы по фортепиано,0,0,0,0,1,0,0,0,0,0,1,0,0,0,1,0,0,1,0,0,1,1,1,0,1,1,1,0,1,1,0,1,0,0,0,0,0,0,0,0,0,0,0,0,1,0,0,0,0,0,0,0,0,0,0,0,1,0,0,0,0,0,0,0,0,0,0,0,1,0,0,1,0,0,0,0,0,0,0,0,0,0,0,0
180,28.03.2018 20:35:55,Недостаточное качество или объем образовательной программы,4.9,4.8,4.9,4.8,4.9,4.3,4.8,3.4,4.8,4.8,5.0,4.8,Общественных мероприятиях,0,1,0,0,0,0,0,0,0,0,0,0,0,0,0,0,0,0,0,1,0,0,0,0,0,0,0,0,0,0,0,0,1,0,1,0,0,0,0,1,0,0,1,1,0,0,0,0,0,0,0,1,0,0,1,1,0,0,0,0,0,0,0,0,0,0,0,0,1,0,1,0,0,0,0,0,0,0,0,0,1,0,0,1
181,28.03.2018 22:24:54,"Интересный формат для тех, у кого мало времени",4.0,3.3,4.8,4.9,4.1,4.0,4.5,2.7,4.3,4.8,4.5,4.3,"Спортивных мероприятиях, Общественных мероприятиях",1,0,0,0,0,0,0,0,0,1,1,0,0,0,0,1,0,1,1,0,0,0,0,0,0,0,0,0,1,0,1,1,0,0,0,0,0,0,0,0,0,0,0,0,1,0,0,0,0,0,0,0,0,0,0,0,1,0,0,0,0,0,0,0,0,0,0,0,1,0,0,0,0,0,0,0,0,0,0,0,1,0,1,1
182,28.03.2018 23:08:40,Недостаточный профессионализм учителей,4.1,4.2,5.0,4.7,5.0,4.9,4.5,4.0,4.9,4.8,4.9,4.9,Нигде,1,1,1,1,1,0,0,0,0,0,0,0,0,0,0,0,0,0,0,0,0,0,0,0,0,0,0,0,0,0,0,0,0,0,1,1,0,0,0,0,0,0,0,0,0,0,1,1,0,0,0,0,0,0,0,0,0,0,1,1,0,0,0,0,0,0,0,0,0,0,0,0,0,0,0,0,0,0,0,0,1,0,0,0
183,28.03.2018 23:09:50,Хотел бы получить больше свободного времени,3.7,3.8,4.2,4.9,4.2,4.9,4.5,2.9,4.7,4.1,4.5,4.8,Общественных мероприятиях,1,0,0,0,0,0,0,0,0,0,0,0,0,1,1,0,1,0,0,0,0,0,1,1,0,0,0,0,1,0,0,0,0,0,0,0,0,0,0,0,0,0,0,0,1,0,0,0,0,0,0,0,0,0,0,0,1,0,0,0,0,0,0,0,0,0,0,0,1,0,0,0,0,0,0,0,1,0,0,0,0,0,0,1
184,28.03.2018 23:21:01,Не люблю рано вставать,4.9,3.7,3.3,5.0,4.3,4.9,4.7,4.6,4.0,4.9,4.8,5.0,"Спортивных мероприятиях, Общественных мероприятиях",1,0,0,0,1,0,0,0,1,0,0,0,0,0,1,0,0,1,0,0,0,0,0,1,0,1,0,0,0,0,0,0,0,0,0,1,1,0,1,0,0,0,0,0,0,0,0,1,1,0,0,0,0,0,0,0,0,0,0,1,0,0,0,0,0,0,0,0,0,0,0,0,0,0,0,0,0,0,0,0,1,0,1,1
185,28.03.2018 23:36:49,Хотел бы получить больше свободного времени,4.8,4.7,4.7,4.8,4.9,4.7,4.8,4.7,4.9,4.8,4.7,4.8,"Спортивных мероприятиях, Общественных мероприятиях",0,0,0,0,0,1,0,0,0,0,0,0,0,0,1,0,0,1,1,0,1,1,0,0,1,1,0,0,1,0,0,0,0,1,1,1,1,0,0,0,1,0,0,1,0,1,0,0,1,0,0,0,0,0,0,0,0,0,0,0,0,0,0,0,0,0,0,0,1,1,0,0,1,0,0,0,0,0,0,0,0,0,1,1
186,29.03.2018 0:42:03,Не люблю рано вставать,3.3,4.4,4.8,5.0,3.3,4.8,3.4,3.6,4.3,4.8,4.6,4.8,Нигде,1,0,0,0,0,0,0,1,1,0,0,1,1,0,0,0,0,0,1,0,0,0,0,0,0,0,0,0,0,0,0,0,1,0,1,0,0,0,0,0,1,0,0,0,0,0,0,0,0,0,0,0,0,0,0,0,1,0,0,0,0,0,0,0,0,0,0,0,1,0,0,0,0,0,0,0,0,0,0,0,1,0,0,0
187,29.03.2018 7:38:06,Недостаточное качество или объем образовательной программы,4.8,4.7,5.0,5.0,4.6,4.8,3.4,3.4,3.7,4.1,3.5,4.3,"Спортивных мероприятиях, Общественных мероприятиях",0,0,1,0,0,0,0,0,0,0,1,1,0,0,0,0,0,0,1,0,0,0,0,0,0,0,0,0,1,1,1,0,0,1,0,0,0,0,0,0,0,0,0,0,0,0,0,0,0,0,0,0,0,0,0,0,1,0,0,0,0,0,0,0,0,0,0,0,1,0,0,0,0,0,0,0,0,0,0,0,1,0,1,1
188,29.03.2018 17:16:12,Хотел бы получить больше свободного времени,4.9,4.9,4.2,4.7,4.7,4.8,4.8,4.5,4.6,4.7,4.8,4.9,Спортивных мероприятиях,0,1,0,0,0,0,0,0,0,0,1,0,1,0,1,0,0,0,1,0,1,1,0,0,1,0,1,0,0,1,0,0,0,1,0,0,0,0,0,0,0,1,1,0,0,0,0,0,0,0,0,0,0,0,0,0,1,0,0,0,0,0,0,0,0,0,0,0,1,0,0,0,0,0,0,0,0,1,0,0,0,0,1,0
189,29.03.2018 20:13:13,Недостаточный профессионализм учителей,5.0,4.8,4.8,4.3,2.7,4.7,3.1,4.8,4.3,4.6,3.0,4.7,Общественных мероприятиях,0,0,1,0,0,0,0,0,0,0,0,0,0,0,1,0,0,1,0,0,0,0,0,0,1,1,1,0,0,0,0,1,0,1,1,0,0,0,0,0,1,0,0,0,0,0,0,0,0,0,0,0,1,0,0,0,0,0,0,0,0,0,0,0,0,0,0,0,1,0,0,0,0,0,0,0,0,0,0,0,1,0,0,1
190,29.03.2018 20:54:10,Никогда не стал бы учиться онлайн,4.2,4.4,4.0,4.5,3.4,3.2,4.0,4.2,3.7,4.2,4.8,4.8,Общественных мероприятиях,0,0,0,0,0,1,0,0,0,0,0,0,0,0,0,0,0,0,0,1,1,1,0,0,0,1,1,0,0,0,0,0,0,0,0,0,0,1,0,0,0,0,0,0,0,0,0,0,0,0,0,0,0,0,0,0,1,0,0,0,0,0,0,0,0,0,0,0,1,0,0,0,0,0,0,0,0,0,0,0,1,0,0,1
191,29.03.2018 20:55:13,Никогда не стал бы учиться онлайн,4.6,3.9,4.8,4.9,4.4,5.0,4.1,4.7,4.8,5.0,4.9,4.5,Нигде,0,0,0,0,1,0,0,0,0,0,0,0,0,0,0,0,1,1,0,0,0,0,0,0,0,0,0,0,0,0,1,0,0,0,0,0,0,0,0,0,0,0,0,0,1,0,0,0,0,0,0,0,0,0,0,0,1,0,0,0,0,0,0,0,0,0,0,0,1,0,0,0,0,0,0,0,0,0,0,0,1,0,0,0
192,29.03.2018 20:57:04,Хотел бы получить больше свободного времени,4.0,3.3,4.7,4.7,4.8,5.0,4.4,4.7,4.8,4.7,4.0,4.8,Общественных мероприятиях,0,0,1,0,0,0,0,0,0,0,0,1,1,1,1,0,0,0,1,0,1,0,0,0,0,0,0,0,0,1,1,0,0,1,1,0,0,0,0,0,1,0,1,0,0,0,0,0,0,0,0,0,0,0,1,0,0,0,0,0,0,0,0,0,0,0,0,0,1,1,0,0,0,0,0,0,0,0,1,0,0,0,0,1
193,29.03.2018 21:17:52,Хотел бы получить больше свободного времени,4.8,4.3,4.9,4.8,3.7,3.7,2.8,2.7,3.3,4.0,3.2,3.1,Нигде,1,0,0,0,0,0,0,0,0,0,0,1,1,1,1,0,1,0,0,0,1,0,0,1,0,0,0,0,1,0,1,1,0,0,0,0,0,0,0,0,0,0,0,0,1,0,0,0,0,0,0,0,0,0,0,0,1,0,0,0,0,0,0,0,0,0,0,0,1,0,0,0,0,0,0,0,0,0,0,0,1,0,0,0
194,29.03.2018 21:28:34,Никогда не стал бы учиться онлайн,5.0,4.9,5.0,5.0,4.8,4.7,5.0,4.9,4.8,4.7,4.8,4.9,Общественных мероприятиях,1,0,0,0,0,0,0,0,0,0,0,1,0,0,0,0,0,0,0,0,0,0,0,0,0,0,0,0,1,0,0,0,0,0,1,0,0,0,0,0,1,0,1,1,0,0,0,0,0,0,0,0,0,0,0,0,1,0,0,0,0,0,0,0,0,0,0,0,1,0,0,0,0,0,0,0,1,0,0,0,0,0,0,1
195,29.03.2018 21:34:27,Хотел бы получить больше свободного времени,3.3,3.9,4.4,4.8,4.1,4.8,4.5,4.0,4.7,4.3,5.0,4.7,"Спортивных мероприятиях, Общественных мероприятиях",0,0,0,0,1,0,0,0,0,0,0,0,0,0,1,0,1,0,0,0,0,0,0,0,0,0,0,0,1,1,0,0,0,0,0,0,0,0,0,0,0,0,0,0,1,0,0,0,0,0,0,0,0,0,0,0,1,0,0,0,0,0,0,0,0,0,0,0,1,0,0,0,0,0,0,0,0,0,0,0,1,0,1,1
196,29.03.2018 23:36:28,Хотел бы получить больше свободного времени,4.1,3.9,4.0,4.0,3.3,3.8,3.7,3.8,4.5,3.4,3.9,4.7,Спортивных мероприятиях,0,0,1,0,0,0,0,0,1,0,0,0,0,0,1,0,0,1,1,0,0,0,0,0,0,0,0,1,0,0,1,1,0,0,0,0,0,0,0,0,0,0,0,0,1,0,0,1,0,0,0,0,0,0,0,1,0,0,0,0,0,0,0,0,0,0,0,0,1,0,0,0,0,0,0,0,0,0,0,0,1,0,1,0
197,30.03.2018 17:22:23,Недостаточное качество или объем образовательной программы,4.0,4.9,5.0,4.9,4.4,5.0,3.3,4.8,5.0,4.5,4.8,5.0,"Волонтерском движении, Спортивных мероприятиях",0,0,0,0,0,0,1,0,0,0,1,0,0,0,1,0,0,0,1,0,1,0,0,0,1,0,0,0,0,0,0,0,0,0,0,0,0,0,0,0,0,0,0,0,1,0,0,0,0,0,0,0,0,0,0,0,1,0,0,0,0,0,0,0,0,0,0,0,1,0,0,0,0,0,0,0,0,0,0,0,1,1,1,0
198,30.03.2018 17:45:19,Недостаточное качество или объем образовательной программы,4.4,4.4,4.9,5.0,4.1,4.7,3.2,3.5,4.8,4.7,4.5,4.7,Спортивных мероприятиях,1,0,0,0,0,0,0,0,0,1,0,0,0,0,0,0,1,0,0,0,0,0,0,0,0,0,0,1,1,0,0,1,0,1,1,1,0,0,0,0,1,0,1,0,0,0,0,0,0,0,0,0,1,0,0,0,0,0,0,0,0,0,0,0,0,0,0,0,1,0,0,1,0,0,0,0,0,0,0,0,0,0,1,0
199,30.03.2018 17:52:20,Хотел бы получить больше свободного времени,4.7,4.1,4.8,4.0,4.2,4.8,4.2,4.5,4.2,4.4,4.6,4.8,Спортивных мероприятиях,0,0,1,0,0,0,0,0,0,0,0,1,1,1,1,0,1,0,1,0,1,0,0,0,0,0,0,0,1,0,0,0,0,0,0,0,0,0,0,0,0,0,0,0,1,0,0,0,0,0,0,0,0,0,0,0,1,0,0,0,0,0,0,0,0,0,0,0,1,0,0,0,0,0,0,0,0,0,0,0,1,0,1,0
200,30.03.2018 18:01:54,Недостаточный профессионализм учителей,4.7,4.7,4.2,4.7,4.7,4.8,4.8,4.3,4.6,4.2,4.3,4.6,Нигде,0,0,1,0,0,0,0,0,0,1,1,1,1,1,1,0,1,0,0,0,0,0,0,0,0,0,0,0,0,1,0,1,0,0,0,0,0,0,0,0,0,0,0,0,1,0,0,0,0,0,0,0,0,0,0,0,1,0,0,0,0,0,0,0,0,0,0,0,1,0,0,0,0,0,0,0,0,0,0,0,1,0,0,0
201,30.03.2018 18:10:29,Не люблю рано вставать,4.9,4.8,4.1,4.5,4.9,4.8,4.1,4.3,4.4,5.0,4.0,4.9,Общественных мероприятиях,0,1,0,0,0,0,0,0,0,0,0,0,0,1,1,0,0,1,1,0,1,1,0,0,0,0,0,0,1,0,0,0,0,1,0,1,0,0,0,1,1,0,0,0,0,1,0,1,0,0,0,1,0,0,0,0,0,0,0,0,0,0,0,0,0,0,0,0,1,0,0,0,0,0,0,0,0,0,0,0,1,0,0,1
202,30.03.2018 18:10:34,Хотел бы получить больше свободного времени,4.8,4.3,5.0,4.8,4.3,4.8,4.6,4.9,4.8,4.8,4.9,4.3,Общественных мероприятиях,0,0,1,0,0,0,0,0,0,0,0,0,0,1,1,0,0,0,1,0,0,0,0,0,0,0,0,0,0,0,0,0,1,0,1,0,0,0,0,0,1,0,1,0,0,0,1,0,0,0,0,0,0,0,0,0,1,0,0,0,0,0,0,0,0,0,0,0,1,0,0,0,0,0,0,0,1,0,1,0,0,0,0,1
203,30.03.2018 18:11:31,Недостаточный профессионализм учителей,4.8,4.7,5.0,4.6,4.5,4.8,4.8,4.5,4.7,4.8,4.5,4.9,Общественных мероприятиях,0,0,1,0,0,0,0,0,0,0,0,0,0,1,1,0,0,1,0,0,0,0,0,0,0,0,0,1,0,0,1,0,0,1,1,0,0,1,0,1,1,0,1,0,0,0,0,0,0,0,0,0,1,0,0,0,0,0,0,0,0,0,0,0,0,0,0,0,1,0,0,0,0,0,0,0,1,0,0,0,0,0,0,1
204,30.03.2018 18:12:31,Хотел бы получить больше свободного времени,4.3,4.7,4.8,4.1,4.0,4.7,4.6,4.8,4.8,5.0,4.4,4.7,Общественных мероприятиях,0,1,0,0,1,0,0,0,0,0,0,1,1,1,1,0,0,1,1,0,0,0,1,1,0,0,0,0,1,1,0,0,0,0,1,0,0,0,0,0,1,0,0,0,0,0,0,0,0,0,0,0,1,0,0,0,0,0,0,0,0,0,0,0,0,0,0,0,1,0,0,0,0,0,0,0,1,0,0,0,0,0,0,1
205,30.03.2018 18:12:50,Недостаточный профессионализм учителей,3.7,3.8,4.8,4.6,4.4,4.8,4.2,5.0,4.7,4.5,4.0,4.5,Нигде,0,0,1,0,0,0,0,0,0,0,0,1,1,1,1,0,1,1,1,0,1,1,1,1,0,0,0,0,1,0,0,0,0,0,1,0,0,0,0,0,1,0,1,0,0,0,0,0,0,0,0,0,1,0,0,0,0,0,0,0,0,0,0,0,0,0,0,0,1,0,0,0,0,0,0,0,0,0,0,0,1,0,0,0
206,30.03.2018 18:14:04,Никогда не стал бы учиться онлайн,4.4,3.3,4.8,4.8,4.5,4.5,3.6,3.4,4.8,4.8,4.5,4.4,Нигде,1,0,0,0,0,0,0,0,0,0,0,0,0,1,1,0,0,0,1,0,0,0,0,0,0,0,0,0,0,0,0,0,1,0,1,1,0,0,1,0,0,0,1,0,0,0,0,0,0,0,0,0,0,0,0,0,1,0,0,0,0,0,0,0,0,0,0,0,1,0,0,0,0,0,0,0,0,0,0,0,1,0,0,0
207,30.03.2018 18:14:13,Недостаточный профессионализм учителей,4.7,5.0,3.2,3.9,4.1,5.0,5.0,4.1,4.8,4.1,4.8,4.7,Нигде,0,0,1,0,0,0,0,0,0,0,0,0,0,0,0,0,0,0,0,1,1,1,0,0,0,0,0,0,1,0,0,0,0,1,0,0,1,0,0,0,1,0,0,0,0,0,0,0,0,0,0,0,0,0,0,0,1,0,0,0,0,0,0,0,0,0,0,0,1,0,0,0,0,0,0,0,0,0,0,0,1,0,0,0
208,30.03.2018 18:14:34,Недостаточное качество или объем образовательной программы,4.2,4.0,5.0,4.9,4.8,5.0,3.3,4.0,5.0,4.7,4.9,4.6,Общественных мероприятиях,0,0,1,0,0,0,0,0,0,0,0,1,1,0,0,0,1,1,0,0,1,0,0,0,0,0,0,0,1,0,0,0,0,0,1,0,0,0,0,0,1,0,1,0,0,0,0,0,0,0,0,0,0,0,1,0,0,0,0,0,0,0,0,0,0,0,0,0,1,0,1,0,0,0,0,0,1,0,1,0,0,0,0,1
209,30.03.2018 18:15:53,Не люблю рано вставать,4.0,3.4,4.0,4.3,3.2,4.8,3.3,4.4,4.7,4.9,4.2,4.2,Нигде,1,0,0,0,0,0,0,1,1,1,1,1,1,1,1,0,1,0,1,0,0,0,0,0,0,0,0,0,1,0,0,0,0,0,1,1,1,1,0,0,1,0,1,0,0,0,0,0,1,0,0,0,1,0,0,0,0,0,0,0,0,0,0,0,0,0,0,0,1,0,0,0,0,0,0,0,1,0,0,0,0,0,0,0
210,30.03.2018 18:16:10,Хотел бы получить больше свободного времени,5.0,5.0,4.7,4.8,4.7,4.9,4.9,4.9,4.8,4.7,5.0,4.8,"Волонтерском движении, Спортивных мероприятиях",0,0,1,0,0,0,0,1,1,0,0,1,0,0,0,1,0,0,0,0,0,0,0,0,0,0,0,0,0,0,0,0,1,1,1,1,0,0,0,0,1,0,0,0,0,1,0,0,0,0,0,0,1,0,0,0,0,0,0,0,0,0,0,0,1,0,0,0,0,0,0,0,0,0,0,0,0,0,0,0,1,1,1,0
211,30.03.2018 18:17:07,Недостаточное качество или объем образовательной программы,4.8,4.3,4.9,5.0,4.7,4.7,4.9,3.3,4.8,4.8,3.9,4.9,"Спортивных мероприятиях, Общественных мероприятиях",0,0,1,0,0,0,0,0,0,0,0,0,1,1,0,0,1,0,0,0,1,0,1,1,1,0,0,0,1,1,1,1,0,1,1,0,0,0,0,0,1,0,0,0,0,0,0,0,0,0,0,0,1,0,0,0,0,0,0,0,0,0,0,0,0,0,0,0,1,0,0,0,0,0,0,0,1,0,0,0,0,0,1,1
212,30.03.2018 18:17:29,Чтобы получить больший балл на ЕГЭ,3.5,3.7,4.8,4.7,4.6,3.5,3.9,3.9,4.8,5.0,4.7,4.5,"Спортивных мероприятиях, Общественных мероприятиях",1,0,0,0,0,0,0,0,0,0,0,0,0,0,0,1,0,1,1,0,0,0,0,1,0,0,0,0,0,0,1,0,0,0,1,1,0,0,1,0,0,0,1,0,0,0,0,0,0,0,0,0,0,0,0,0,1,0,0,0,0,0,0,0,0,0,1,0,0,0,0,0,0,0,0,0,0,0,1,0,0,0,1,1
213,30.03.2018 18:17:53,Недостаточное качество или объем образовательной программы,2.9,3.3,4.0,5.0,4.3,4.9,3.3,3.4,3.7,4.8,2.9,4.0,Общественных мероприятиях,1,0,0,0,0,0,0,1,1,0,0,1,1,1,1,0,1,0,0,0,0,0,1,1,0,0,0,0,1,0,0,0,0,0,1,1,0,0,0,0,1,0,0,0,0,0,0,0,0,0,0,0,0,0,0,0,1,0,0,0,0,0,0,0,0,0,0,0,1,0,1,1,0,0,0,0,0,0,0,0,0,0,0,1
214,30.03.2018 18:26:41,Хотел бы получить больше свободного времени,4.5,4.3,4.2,4.1,4.4,5.0,4.9,4.3,4.7,4.8,4.7,5.0,Спортивных мероприятиях,0,0,0,0,0,1,0,0,0,0,0,0,0,0,1,0,1,0,0,0,0,0,0,0,0,0,0,0,0,1,0,0,0,1,0,0,1,0,0,0,0,0,1,0,0,0,0,0,1,0,0,0,0,0,0,0,0,0,0,0,0,0,0,0,0,0,0,0,1,1,0,0,1,0,0,0,0,0,0,0,0,0,1,0
215,30.03.2018 18:27:27,Недостаточное качество или объем образовательной программы,4.7,4.0,4.2,4.0,3.4,4.7,3.2,3.6,4.2,4.7,5.0,4.9,Нигде,0,0,1,0,0,0,0,0,0,0,0,0,0,0,0,0,0,0,0,1,1,0,0,0,0,0,0,0,1,0,0,0,0,0,0,0,0,0,0,0,0,0,0,0,1,0,0,0,0,0,0,0,0,0,0,0,1,0,0,0,0,0,0,0,0,0,0,0,1,0,0,0,0,0,0,0,0,0,0,0,1,0,0,0
216,30.03.2018 18:29:07,Хотел бы получить больше свободного времени,3.3,3.9,4.8,4.9,4.2,4.3,3.6,3.4,4.1,4.1,4.0,4.3,Общественных мероприятиях,1,0,0,0,0,0,0,1,1,0,0,0,1,0,0,0,1,0,0,0,0,0,1,1,0,0,1,0,1,0,0,1,0,0,1,0,0,0,0,0,0,0,0,0,0,0,0,0,0,0,0,0,0,0,0,0,1,0,0,0,0,0,0,0,0,0,0,0,1,0,0,0,0,0,0,0,0,0,0,0,1,0,0,1
217,30.03.2018 18:40:38,Недостаточный профессионализм учителей,4.1,3.4,4.0,4.9,4.4,4.9,3.2,3.3,4.9,5.0,3.2,3.3,Общественных мероприятиях,0,0,1,0,0,0,0,0,0,0,0,1,1,0,0,0,1,0,0,0,0,0,0,0,0,0,0,0,0,0,0,0,1,0,0,0,0,0,0,0,1,0,1,0,0,0,0,0,0,0,0,0,1,0,0,0,0,0,0,0,0,0,0,0,0,0,0,0,1,0,0,0,0,0,0,0,1,0,0,0,0,0,0,1
218,30.03.2018 18:47:41,Хотел бы получить больше свободного времени,4.7,5.0,4.9,4.9,4.9,4.9,4.7,4.8,4.9,4.9,5.0,4.9,"Волонтерском движении, Спортивных мероприятиях, Общественных мероприятиях",0,0,1,0,0,0,0,0,0,0,1,0,0,0,0,0,0,0,0,0,0,0,0,0,0,0,0,0,0,0,0,0,1,0,1,1,0,0,0,0,1,0,1,1,0,0,0,0,0,0,0,0,0,0,0,0,0,0,0,0,0,0,0,0,0,0,0,0,1,0,0,1,0,0,0,0,0,0,0,0,0,1,1,1
219,30.03.2018 18:51:07,Хотел бы получить больше свободного времени,3.2,4.6,4.8,4.9,3.7,4.8,3.3,3.3,4.0,3.5,3.2,4.3,Общественных мероприятиях,1,0,0,0,0,0,0,1,1,0,0,1,1,0,0,0,1,0,0,0,0,0,1,0,0,0,0,0,1,0,0,1,0,0,1,0,0,0,0,0,0,0,0,0,0,0,0,0,0,0,0,0,0,0,0,0,1,0,0,0,0,0,0,0,0,0,0,0,1,0,0,0,0,0,0,0,0,0,0,0,1,0,0,1
220,30.03.2018 19:02:09,Недостаточный профессионализм учителей,3.4,3.4,5.0,4.1,4.4,4.3,4.1,3.9,3.6,4.6,3.3,3.2,Общественных мероприятиях,1,0,0,0,0,0,0,0,0,0,1,1,1,0,0,1,0,0,1,0,0,0,0,1,1,0,0,0,1,0,0,0,0,0,0,0,0,0,0,0,0,0,0,0,1,0,0,0,0,0,0,0,0,0,0,0,1,0,0,0,0,0,0,0,0,0,0,0,1,0,0,1,0,0,0,0,1,0,0,0,0,0,0,1
221,30.03.2018 19:04:12,Недостаточный профессионализм учителей,4.6,3.2,4.8,4.9,4.0,4.6,3.6,4.0,4.9,4.9,4.8,4.6,"Спортивных мероприятиях, Общественных мероприятиях",1,0,1,0,0,0,0,0,0,0,0,0,0,0,0,0,0,0,0,1,0,0,0,0,0,0,0,0,1,0,1,0,0,0,1,0,0,0,0,0,0,0,1,0,0,0,0,0,0,0,0,0,0,0,0,0,1,0,0,0,0,0,0,0,0,0,0,0,1,0,0,0,0,0,0,0,0,0,0,0,1,0,1,1
222,30.03.2018 19:06:43,Хотел бы получить больше свободного времени,3.2,3.7,4.8,4.8,4.0,4.7,3.7,4.0,4.1,4.8,4.7,4.5,Спортивных мероприятиях,0,0,1,0,0,0,0,0,0,0,1,0,0,0,0,0,0,1,1,0,1,0,0,0,0,0,0,0,1,0,1,0,0,0,0,0,0,0,0,0,1,0,1,0,0,0,0,0,0,0,0,0,0,0,0,0,1,0,0,0,0,0,0,0,0,0,0,0,1,0,0,0,0,0,0,0,0,0,0,0,1,0,1,0
223,30.03.2018 19:18:21,Недостаточный профессионализм учителей,4.1,3.4,4.3,4.8,4.3,4.7,4.8,4.4,4.1,5.0,5.0,4.7,"Спортивных мероприятиях, Общественных мероприятиях",0,0,0,0,1,0,0,0,0,0,1,0,0,0,1,0,0,1,0,0,0,0,1,0,0,1,1,0,1,0,0,0,0,1,1,0,0,0,0,0,1,1,0,0,0,0,0,0,0,0,0,0,0,0,0,0,1,0,0,0,0,0,0,0,0,0,0,0,1,0,0,0,0,0,0,0,0,0,0,0,1,0,1,1
224,30.03.2018 19:34:56,Недостаточное качество или объем образовательной программы,4.4,4.1,4.5,4.0,4.0,4.7,4.2,4.1,4.9,4.9,4.8,5.0,"Спортивных мероприятиях, Общественных мероприятиях",0,0,1,0,0,0,0,0,0,0,0,0,0,0,0,0,0,0,0,1,0,0,0,0,0,0,0,1,1,0,1,1,0,0,0,0,0,0,0,0,1,0,0,1,0,0,0,0,0,0,0,1,1,0,1,1,0,0,0,0,0,0,0,0,0,0,0,0,1,0,0,0,0,0,0,0,0,0,1,0,0,0,1,1
225,30.03.2018 20:03:17,Хотел бы получить больше свободного времени,4.8,4.1,4.9,4.9,4.8,4.7,4.8,3.6,4.4,4.7,4.0,4.7,Общественных мероприятиях,0,0,1,0,0,0,0,0,0,0,1,0,1,0,1,0,0,0,1,0,0,0,0,0,0,0,0,0,0,0,0,0,1,1,1,1,0,0,0,0,0,0,0,0,0,0,1,1,0,0,0,0,0,0,0,0,0,0,0,0,0,0,0,0,0,0,0,0,1,1,0,0,0,0,0,0,0,0,0,0,0,0,0,1
226,30.03.2018 20:29:19,Хотел бы получить больше свободного времени,4.6,4.8,4.0,4.2,3.2,3.3,4.9,5.0,3.2,4.5,5.0,5.0,Спортивных мероприятиях,1,0,0,0,0,0,0,0,0,0,0,0,0,0,0,0,1,0,0,0,0,0,0,0,0,0,0,0,0,1,0,1,0,0,0,0,0,0,1,0,0,0,0,0,0,0,0,0,0,0,0,0,0,0,0,0,1,0,0,0,0,0,0,0,0,0,0,0,1,0,0,0,0,0,0,0,0,0,0,0,1,0,1,0
227,30.03.2018 20:52:10,Никогда не стал бы учиться онлайн,4.1,4.3,4.8,4.9,4.9,4.7,4.9,4.9,4.7,4.9,4.8,4.0,Нигде,1,0,0,0,0,0,0,0,0,0,0,0,0,0,0,0,0,0,0,1,0,0,0,0,0,0,0,0,0,0,0,0,1,1,1,1,0,0,0,1,0,0,1,1,0,0,0,0,0,0,0,0,0,0,0,0,0,0,0,0,0,0,0,0,0,0,0,0,1,0,0,0,0,0,0,0,0,0,0,0,0,0,0,0
228,30.03.2018 22:33:06,Чтобы получить больший балл на ЕГЭ,3.2,3.5,4.6,4.5,4.0,4.2,4.7,4.1,4.2,4.5,4.4,4.1,Спортивных мероприятиях,1,0,0,0,0,0,0,0,1,0,0,0,0,1,1,0,0,1,1,0,0,0,0,0,0,0,1,1,0,0,1,0,0,0,1,1,0,0,0,0,0,0,0,0,0,0,0,0,0,0,0,0,0,0,0,0,1,0,0,0,0,0,0,0,0,0,0,0,1,0,0,1,0,0,0,0,0,0,0,0,0,0,1,0
229,30.03.2018 22:39:50,Хотел бы получить больше свободного времени,3.3,3.5,4.3,4.7,4.9,4.7,3.8,4.0,4.8,5.0,4.3,4.2,Нигде,1,0,0,0,0,0,0,1,1,0,0,1,1,0,0,0,1,0,0,0,0,0,0,1,0,0,0,0,0,1,0,1,0,0,1,0,0,0,0,0,0,0,0,0,0,0,0,0,0,0,0,0,0,0,0,0,1,0,0,0,0,0,0,0,0,0,0,0,1,0,1,0,0,0,0,0,0,0,0,0,0,0,0,0
230,30.03.2018 22:46:16,Недостаточное качество или объем образовательной программы,3.3,4.2,4.7,4.5,4.0,4.3,3.5,4.3,3.2,4.5,4.2,4.8,"Спортивных мероприятиях, Общественных мероприятиях",1,0,0,0,0,0,0,0,0,0,0,1,1,0,0,0,1,1,0,0,0,0,0,0,0,0,0,0,1,0,0,0,0,1,1,1,0,1,1,0,1,1,0,1,0,0,0,1,0,0,0,0,0,1,0,0,0,0,0,0,0,0,0,0,0,0,0,0,1,0,0,1,0,0,0,0,1,0,0,0,0,0,1,1
231,30.03.2018 22:53:23,Недостаточный профессионализм учителей,4.5,4.8,4.7,4.8,3.4,4.9,4.6,4.1,3.9,4.9,3.3,4.9,"Спортивных мероприятиях, Общественных мероприятиях",0,0,1,0,0,0,0,0,0,0,0,0,0,1,1,0,1,0,0,0,0,0,0,0,0,0,0,0,1,1,0,0,0,1,0,0,0,0,0,0,1,0,0,0,0,1,0,0,0,0,0,0,0,0,0,0,0,0,0,0,0,0,0,0,0,0,0,0,1,0,0,0,0,0,0,0,1,0,0,0,0,0,1,1
232,30.03.2018 22:55:24,Недостаточное качество или объем образовательной программы,4.2,4.7,5.0,4.8,4.3,4.9,4.0,4.3,4.9,4.5,4.8,4.8,"Волонтерском движении, Спортивных мероприятиях",0,0,0,0,0,0,1,0,0,0,1,0,0,0,1,0,0,0,1,0,1,0,0,0,1,0,0,0,0,0,0,0,0,0,0,0,0,0,0,0,0,0,0,0,1,0,0,0,0,0,0,0,0,0,0,0,1,0,0,0,0,0,0,0,0,0,0,0,1,0,0,0,0,0,0,0,0,0,0,0,1,1,1,0
233,31.03.2018 1:05:40,Чтобы получить больший балл на ЕГЭ,4.3,4.8,4.4,4.8,4.9,4.3,4.1,4.4,5.0,5.0,4.5,5.0,"Спортивных мероприятиях, Общественных мероприятиях",1,0,0,0,0,0,0,0,0,0,0,0,0,0,0,1,0,0,0,0,0,0,0,0,0,0,0,0,1,0,0,0,0,0,0,1,0,0,0,0,0,0,1,1,0,0,0,0,0,0,0,0,0,0,0,1,0,0,0,0,0,0,0,0,0,0,0,0,1,0,0,1,0,0,0,0,0,0,0,1,0,0,1,1
234,31.03.2018 2:09:10,Недостаточное качество или объем образовательной программы,4.1,5.0,4.8,5.0,4.2,4.8,3.9,4.1,4.8,4.7,5.0,5.0,"Волонтерском движении, Спортивных мероприятиях",0,0,0,0,0,0,1,0,0,0,1,0,0,0,1,0,0,0,1,0,1,0,0,0,1,0,0,0,0,0,0,0,0,0,0,0,0,0,0,0,0,0,0,0,1,0,0,0,0,0,0,0,0,0,0,0,1,0,0,0,0,0,0,0,0,0,0,0,1,0,0,0,0,0,0,0,0,0,0,0,1,1,1,0
235,31.03.2018 10:56:20,Недостаточное качество или объем образовательной программы,3.9,4.4,4.9,4.2,3.3,4.7,4.0,3.8,4.3,4.8,4.7,4.0,Школьная газета,1,0,0,0,0,0,0,0,0,0,0,1,1,1,1,0,1,0,0,0,0,0,0,0,0,0,0,0,0,0,0,0,1,0,0,0,0,0,0,0,0,0,0,0,1,0,0,0,0,0,0,0,0,0,0,0,1,0,0,0,0,0,0,0,0,0,0,0,1,0,0,0,0,0,0,0,0,0,0,0,1,0,0,0
236,31.03.2018 13:04:42,Недостаточный профессионализм учителей,3.5,4.0,4.0,4.4,4.7,4.7,4.7,3.1,4.4,4.8,4.8,4.2,Общественных мероприятиях,1,0,0,0,0,0,0,0,0,0,0,0,1,0,0,0,1,1,0,0,0,0,1,1,0,0,0,0,1,0,0,0,0,0,0,0,0,0,0,0,1,0,0,0,0,0,0,0,0,0,0,0,0,0,0,0,1,0,0,0,0,0,0,0,0,0,0,0,1,0,1,1,0,0,0,0,1,0,0,0,0,0,0,1
237,31.03.2018 13:20:43,Никогда не стал бы учиться онлайн,4.0,4.7,4.8,4.9,4.2,4.3,4.7,4.7,4.5,4.2,4.1,4.8,Общественных мероприятиях,1,0,0,0,0,0,0,0,0,0,0,0,0,0,0,0,0,0,0,1,0,0,0,0,0,0,0,0,0,0,0,0,1,0,1,1,0,0,0,0,0,0,0,0,0,0,1,1,0,0,0,0,0,0,0,0,0,0,1,0,0,0,0,0,0,0,0,0,0,0,1,1,0,0,0,0,0,0,0,0,0,0,0,1
238,31.03.2018 13:45:29,Хотел бы получить больше свободного времени,4.2,4.0,4.7,4.9,4.7,4.8,4.7,3.2,5.0,5.0,4.7,4.8,"Спортивных мероприятиях, Общественных мероприятиях",0,0,1,0,0,0,0,0,0,0,1,0,0,1,1,0,1,0,1,0,0,0,0,1,0,0,0,0,1,0,0,0,0,0,1,0,0,0,0,0,1,0,0,0,0,0,0,0,0,0,0,0,0,0,0,0,1,0,0,0,0,0,0,0,0,0,0,0,1,0,0,0,0,0,0,0,0,0,0,0,1,0,1,1
239,31.03.2018 15:22:46,Недостаточный профессионализм учителей,4.7,4.9,4.8,4.8,4.8,4.9,5.0,4.6,4.6,4.9,4.1,4.2,"Волонтерском движении, Спортивных мероприятиях, Общественных мероприятиях",1,0,0,0,0,0,0,0,0,0,0,0,0,0,1,1,1,1,0,0,1,1,0,1,1,1,0,0,0,0,0,0,0,0,1,1,0,0,0,0,1,0,1,1,0,0,0,0,0,0,0,0,1,0,0,0,0,0,0,0,0,0,0,0,0,0,0,0,1,0,0,0,0,0,0,0,0,0,0,0,1,1,1,1
240,31.03.2018 16:35:07,Недостаточное качество или объем образовательной программы,4.4,4.8,4.7,4.7,4.7,4.8,3.9,4.6,4.8,4.2,4.7,5.0,"Волонтерском движении, Спортивных мероприятиях",0,0,0,0,0,0,1,0,0,0,1,0,0,0,1,0,0,0,1,0,1,0,0,0,1,0,0,0,0,0,0,0,0,0,0,0,0,0,0,0,0,0,0,0,1,0,0,0,0,0,0,0,0,0,0,0,1,0,0,0,0,0,0,0,0,0,0,0,1,0,0,0,0,0,0,0,0,0,0,0,1,1,1,0
241,31.03.2018 17:10:13,Хотел бы получить больше свободного времени,5.0,5.0,4.8,5.0,5.0,5.0,4.7,4.8,5.0,4.8,4.6,4.7,"Спортивных мероприятиях, Общественных мероприятиях",0,0,1,0,0,0,0,0,0,0,1,0,0,0,1,0,1,0,0,0,1,0,0,0,0,0,0,0,1,1,0,0,0,1,0,0,1,1,0,0,1,1,1,0,0,1,0,0,0,0,0,0,1,0,0,0,0,0,0,0,0,0,0,0,0,0,0,0,1,0,0,0,0,0,0,0,0,0,0,0,1,0,1,1
242,31.03.2018 20:22:06,Хотел бы получить больше свободного времени,4.3,3.6,4.0,4.1,3.5,4.0,3.3,4.3,4.5,4.6,4.5,4.0,Нигде,0,0,0,0,0,0,1,0,0,0,0,0,0,0,1,0,1,1,0,0,0,0,0,1,0,0,0,0,1,0,0,0,0,1,1,0,0,0,0,0,1,0,0,0,0,0,0,0,0,0,0,0,0,0,0,0,1,0,0,0,0,0,0,0,0,0,0,0,1,0,0,0,0,0,0,0,0,0,0,0,1,0,0,0
243,01.04.2018 0:47:43,Никогда не стал бы учиться онлайн,4.7,4.1,4.9,4.8,4.8,5.0,4.8,4.2,5.0,4.8,4.8,4.9,Общественных мероприятиях,1,0,0,0,0,0,0,0,1,0,0,1,1,0,0,0,1,0,0,0,0,0,1,1,0,0,1,0,1,0,1,0,0,0,1,1,0,1,1,0,0,0,1,1,0,0,0,0,0,0,0,0,0,0,0,0,1,0,0,0,0,0,0,0,0,0,0,0,1,0,0,0,0,0,0,0,0,0,0,0,1,0,0,1
244,02.04.2018 17:03:58,Не люблю рано вставать,4.1,4.5,4.5,4.2,4.3,3.3,4.2,3.8,4.7,4.3,3.7,3.9,Нигде,0,0,0,1,0,0,0,1,1,1,1,1,1,1,1,0,0,1,1,0,0,0,0,0,0,0,1,0,1,0,1,1,0,0,0,0,0,0,0,0,0,0,0,0,1,0,0,0,0,0,0,0,0,0,0,0,1,0,0,0,0,0,0,0,0,0,0,0,1,0,0,0,0,0,0,0,0,0,0,0,1,0,0,0
245,02.04.2018 17:29:58,Хотел бы получить больше свободного времени,4.3,4.1,4.2,4.9,4.8,4.1,3.6,4.7,4.8,4.8,4.5,4.4,Общественных мероприятиях,0,0,0,1,0,0,0,0,0,0,0,0,0,1,1,0,0,0,1,0,0,0,0,0,0,0,0,0,0,0,0,0,1,1,0,0,0,0,0,0,0,0,0,0,0,0,0,0,0,0,0,0,0,0,0,0,1,0,0,0,0,0,0,0,0,0,0,0,1,1,0,0,0,0,0,0,0,0,0,0,0,0,0,1
246,03.04.2018 1:39:44,Недостаточный профессионализм учителей,4.3,4.3,4.7,4.7,5.0,4.7,4.4,4.1,5.0,5.0,4.8,5.0,Общественных мероприятиях,1,0,1,1,1,0,0,0,0,0,0,0,0,0,0,0,0,0,0,1,0,0,0,0,0,0,0,0,1,0,1,0,0,0,1,1,0,0,0,1,1,0,0,1,0,0,0,0,0,0,0,1,0,0,0,1,0,0,0,0,0,0,0,0,0,0,0,0,1,0,0,0,0,0,0,0,1,0,1,0,0,0,0,1
247,03.04.2018 12:41:07,Недостаточное качество или объем образовательной программы,4.9,4.1,4.9,4.9,5.0,4.8,4.4,5.0,4.6,4.7,4.3,4.6,Общественных мероприятиях,0,0,1,0,0,0,0,0,0,0,0,0,0,0,0,0,0,0,0,1,0,0,0,0,0,0,0,0,1,0,1,0,0,0,1,1,0,1,0,0,1,0,1,0,0,0,1,0,0,1,0,0,0,0,1,0,0,0,0,0,0,0,0,0,0,0,0,0,1,0,0,0,0,0,0,0,0,0,1,0,0,0,0,1
248,03.04.2018 12:42:27,Никогда не стал бы учиться онлайн,4.9,4.2,4.1,4.8,4.9,4.2,3.4,4.8,4.4,4.7,4.7,4.9,"Спортивных мероприятиях, Общественных мероприятиях",0,0,1,0,0,0,0,0,0,0,0,1,0,0,0,0,0,0,0,0,0,0,0,0,0,0,0,0,0,1,0,0,0,1,1,1,0,0,0,0,1,0,1,1,0,1,1,0,0,0,0,0,1,0,1,0,0,0,0,0,0,0,0,0,0,0,0,0,1,0,0,0,0,0,0,0,0,0,0,0,1,0,1,1
249,04.04.2018 13:28:24,свой собственный темп усвоения информации,3.7,3.8,4.8,4.0,4.1,4.8,3.5,3.3,4.5,4.2,4.6,4.2,Спортивных мероприятиях,0,0,0,1,0,0,0,0,0,0,0,0,0,0,1,0,0,0,1,0,0,0,0,0,0,0,0,0,0,0,0,0,1,1,0,0,0,0,0,0,0,0,0,0,0,0,0,0,0,0,0,0,0,0,0,0,1,0,0,0,0,0,0,0,0,0,0,0,1,1,0,0,1,0,0,0,0,0,0,0,0,0,1,0
250,04.04.2018 17:36:29,Недостаточное качество или объем образовательной программы,3.3,3.8,4.6,4.0,4.6,4.6,4.0,3.2,4.8,4.8,4.3,3.5,"Спортивных мероприятиях, Общественных мероприятиях",0,0,0,0,1,0,0,1,1,0,0,1,1,0,0,0,0,0,0,0,1,1,0,0,1,1,0,0,0,0,0,0,0,0,0,0,0,0,0,0,0,0,0,0,1,0,0,0,0,0,0,0,0,0,0,0,1,0,0,0,0,0,0,0,0,0,0,0,1,0,0,0,0,0,0,0,0,0,0,0,1,0,1,1
251,13.04.2018 1:50:34,Недостаточное качество или объем образовательной программы,3.8,4.3,5.0,4.6,4.7,3.3,2.3,2.0,4.2,4.1,3.8,4.8,"Волонтерском движении, Спортивных мероприятиях, Общественных мероприятиях",1,0,0,0,0,0,0,0,0,0,1,0,0,0,1,0,1,0,0,0,1,1,0,0,0,0,0,0,1,0,1,1,0,1,0,0,0,0,0,0,0,0,1,1,0,0,0,0,0,0,0,0,0,0,0,0,1,0,0,0,0,0,0,0,0,0,0,0,1,0,0,0,0,0,0,0,0,0,0,0,1,1,1,1
252,16.04.2018 11:33:14,Не люблю рано вставать,5.0,5.0,4.9,4.8,4.2,4.9,4.2,5.0,4.1,4.3,4.3,5.0,"Спортивных мероприятиях, Общественных мероприятиях",0,0,1,0,0,0,0,0,0,0,1,1,0,1,1,0,1,1,0,0,0,0,0,0,0,0,0,0,0,0,0,0,1,1,0,0,0,0,0,0,1,0,0,0,0,1,0,0,0,0,0,0,0,0,0,0,0,0,0,0,0,0,0,0,0,0,0,0,1,1,1,0,0,0,0,0,1,0,0,0,0,0,1,1
